zone,district
180000,county_18109
180001,county_18109
180002,county_18109
180003,county_18109
180004,county_18081
180005,county_18081
180006,county_18081
180007,county_18081
180008,county_18081
180009,county_18081
180010,county_18081
180011,county_18097
180012,county_18109
180013,county_18109
180014,county_18109
180015,county_18109
180016,county_18109
180017,county_18109
180018,county_18109
180019,county_18109
180020,county_18109
180021,county_18109
180022,county_18109
180023,county_18109
180024,county_18109
180025,county_18063
180026,county_18109
180027,county_18063
180028,county_18109
180029,county_18109
180030,county_18081
180031,county_18081
180032,county_18081
180033,county_18081
180034,county_18081
180035,county_18081
180036,county_18081
180037,county_18097
180038,county_18097
180039,county_18081
180040,county_18081
180041,county_18081
180042,county_18081
180043,county_18005
180044,county_18005
180045,county_18081
180046,county_18005
180047,county_18005
180048,county_18005
180049,county_18081
180050,county_18081
180051,county_18081
180052,county_18081
180053,county_18081
180054,county_18081
180055,county_18081
180056,county_18105
180057,county_18105
180058,county_18105
180059,county_18105
180060,county_18105
180061,county_18105
180062,county_18105
180063,county_18105
180064,county_18105
180065,county_18105
180066,county_18105
180067,county_18105
180068,county_18105
180069,county_18105
180070,county_18105
180071,county_18105
180072,county_18105
180073,county_18105
180074,county_18105
180075,county_18105
180076,county_18105
180077,county_18105
180078,county_18109
180079,county_18109
180080,county_18109
180081,county_18063
180082,county_18119
180083,county_18109
180084,county_18109
180085,county_18013
180086,county_18013
180087,county_18013
180088,county_18013
180089,county_18109
180090,county_18109
180091,county_18109
180092,county_18119
180093,county_18119
180094,county_18055
180095,county_18119
180096,county_18119
180097,county_18105
180098,county_18105
180099,county_18105
180100,county_18105
180101,county_18105
180102,county_18105
180103,county_18105
180104,county_18105
180105,county_18105
180106,county_18105
180107,county_18105
180108,county_18105
180109,county_18105
180110,county_18105
180111,county_18105
180112,county_18105
180113,county_18105
180114,county_18119
180115,county_18105
180116,county_18105
180117,county_18105
180118,county_18105
180119,county_18105
180120,county_18105
180121,county_18105
180122,county_18105
180123,county_18105
180124,county_18105
180125,county_18105
180126,county_18105
180127,county_18105
180128,county_18105
180129,county_18105
180130,county_18105
180131,county_18105
180132,county_18105
180133,county_18105
180134,county_18105
180135,county_18105
180136,county_18105
180137,county_18105
180138,county_18105
180139,county_18105
180140,county_18105
180141,county_18105
180142,county_18105
180143,county_18105
180144,county_18105
180145,county_18105
180146,county_18105
180147,county_18105
180148,county_18105
180149,county_18105
180150,county_18105
180151,county_18105
180152,county_18105
180153,county_18105
180154,county_18105
180155,county_18105
180156,county_18105
180157,county_18105
180158,county_18105
180159,county_18105
180160,county_18105
180161,county_18105
180162,county_18105
180163,county_18105
180164,county_18105
180165,county_18105
180166,county_18105
180167,county_18105
180168,county_18105
180169,county_18105
180170,county_18105
180171,county_18105
180172,county_18105
180173,county_18105
180174,county_18105
180175,county_18105
180176,county_18105
180177,county_18105
180178,county_18105
180179,county_18105
180180,county_18105
180181,county_18105
180182,county_18105
180183,county_18105
180184,county_18105
180185,county_18105
180186,county_18105
180187,county_18105
180188,county_18105
180189,county_18105
180190,county_18105
180191,county_18105
180192,county_18105
180193,county_18105
180194,county_18133
180195,county_18109
180196,county_18119
180197,county_18133
180198,county_18133
180199,county_18109
180200,county_18109
180201,county_18133
180202,county_18119
180203,county_18119
180204,county_18133
180205,county_18133
180206,county_18133
180207,county_18133
180208,county_18133
180209,county_18133
180210,county_18119
180211,county_18109
180212,county_18109
180213,county_18119
180214,county_18109
180215,county_18119
180216,county_18119
180217,county_18109
180218,county_18109
180219,county_18063
180220,county_18133
180221,county_18109
180222,county_18013
180223,county_18013
180224,county_18013
180225,county_18105
180226,county_18105
180227,county_18105
180228,county_18105
180229,county_18105
180230,county_18013
180231,county_18013
180232,county_18105
180233,county_18105
180234,county_18105
180235,county_18105
180236,county_18105
180237,county_18105
180238,county_18105
180239,county_18105
180240,county_18105
180241,county_18105
180242,county_18105
180243,county_18105
180244,county_18105
180245,county_18105
180246,county_18105
180247,county_18105
180248,county_18105
180249,county_18105
180250,county_18105
180251,county_18105
180252,county_18013
180253,county_18013
180254,county_18013
180255,county_18005
180256,county_18005
180257,county_18013
180258,county_18005
180259,county_18109
180260,county_18109
180261,county_18109
180262,county_18097
180263,county_18097
180264,county_18097
180265,county_18097
180266,county_18097
180267,county_18097
180268,county_18081
180269,county_18081
180270,county_18081
180271,county_18081
180272,county_18097
180273,county_18109
180274,county_18109
180275,county_18109
180276,county_18109
180277,county_18109
180278,county_18109
180279,county_18109
180280,county_18109
180281,county_18109
180282,county_18109
180283,county_18063
180284,county_18063
180285,county_18063
180286,county_18063
180287,county_18063
180288,county_18097
180289,county_18063
180290,county_18063
180291,county_18063
180292,county_18109
180293,county_18097
180294,county_18081
180295,county_18081
180296,county_18081
180297,county_18081
180298,county_18081
180299,county_18081
180300,county_18081
180301,county_18081
180302,county_18081
180303,county_18081
180304,county_18081
180305,county_18081
180306,county_18081
180307,county_18081
180308,county_18081
180309,county_18081
180310,county_18081
180311,county_18081
180312,county_18097
180313,county_18097
180314,county_18097
180315,county_18097
180316,county_18097
180317,county_18097
180318,county_18097
180319,county_18097
180320,county_18097
180321,county_18097
180322,county_18097
180323,county_18097
180324,county_18097
180325,county_18097
180326,county_18097
180327,county_18081
180328,county_18097
180329,county_18097
180330,county_18097
180331,county_18081
180332,county_18097
180333,county_18005
180334,county_18005
180335,county_18005
180336,county_18005
180337,county_18005
180338,county_18005
180339,county_18005
180340,county_18005
180341,county_18005
180342,county_18005
180343,county_18005
180344,county_18005
180345,county_18005
180346,county_18005
180347,county_18005
180348,county_18005
180349,county_18005
180350,county_18005
180351,county_18005
180352,county_18005
180353,county_18005
180354,county_18005
180355,county_18005
180356,county_18005
180357,county_18145
180358,county_18145
180359,county_18145
180360,county_18145
180361,county_18081
180362,county_18081
180363,county_18081
180364,county_18027
180365,county_18027
180366,county_18027
180367,county_18027
180368,county_18027
180369,county_18027
180370,county_18027
180371,county_18027
180372,county_18027
180373,county_18027
180374,county_18027
180375,county_18027
180376,county_18027
180377,county_18055
180378,county_18055
180379,county_18055
180380,county_18055
180381,county_18055
180382,county_18055
180383,county_18093
180384,county_18093
180385,county_18093
180386,county_18093
180387,county_18101
180388,county_18101
180389,county_18101
180390,county_18101
180391,county_18093
180392,county_18083
180393,county_18119
180394,county_18083
180395,county_18083
180396,county_18083
180397,county_18083
180398,county_18027
180399,county_18027
180400,county_18027
180401,county_18027
180402,county_18027
180403,county_18027
180404,county_18027
180405,county_18027
180406,county_18027
180407,county_18027
180408,county_18027
180409,county_18027
180410,county_18027
180411,county_18027
180412,county_18027
180413,county_18027
180414,county_18027
180415,county_18027
180416,county_18027
180417,county_18027
180418,county_18027
180419,county_18027
180420,county_18027
180421,county_18027
180422,county_18027
180423,county_18027
180424,county_18027
180425,county_18027
180426,county_18027
180427,county_18055
180428,county_18055
180429,county_18055
180430,county_18055
180431,county_18055
180432,county_18153
180433,county_18083
180434,county_18153
180435,county_18055
180436,county_18055
180437,county_18055
180438,county_18055
180439,county_18055
180440,county_18083
180441,county_18055
180442,county_18027
180443,county_18027
180444,county_18027
180445,county_18027
180446,county_18027
180447,county_18027
180448,county_18055
180449,county_18055
180450,county_18055
180451,county_18055
180452,county_18055
180453,county_18055
180454,county_18055
180455,county_18055
180456,county_18055
180457,county_18055
180458,county_18093
180459,county_18093
180460,county_18093
180461,county_18117
180462,county_18117
180463,county_18101
180464,county_18101
180465,county_18101
180466,county_18101
180467,county_18101
180468,county_18101
180469,county_18101
180470,county_18101
180471,county_18027
180472,county_18027
180473,county_18027
180474,county_18027
180475,county_18027
180476,county_18027
180477,county_18101
180478,county_18101
180479,county_18101
180480,county_18101
180481,county_18093
180482,county_18093
180483,county_18117
180484,county_18117
180485,county_18117
180486,county_18093
180487,county_18117
180488,county_18117
180489,county_18117
180490,county_18093
180491,county_18093
180492,county_18093
180493,county_18093
180494,county_18093
180495,county_18093
180496,county_18093
180497,county_18093
180498,county_18093
180499,county_18093
180500,county_18093
180501,county_18093
180502,county_18093
180503,county_18093
180504,county_18093
180505,county_18093
180506,county_18093
180507,county_18105
180508,county_18105
180509,county_18105
180510,county_18105
180511,county_18105
180512,county_18093
180513,county_18093
180514,county_18093
180515,county_18055
180516,county_18055
180517,county_18055
180518,county_18055
180519,county_18055
180520,county_18055
180521,county_18055
180522,county_18055
180523,county_18055
180524,county_18105
180525,county_18105
180526,county_18105
180527,county_18105
180528,county_18105
180529,county_18055
180530,county_18055
180531,county_18055
180532,county_18055
180533,county_18055
180534,county_18101
180535,county_18055
180536,county_18055
180537,county_18055
180538,county_18101
180539,county_18027
180540,county_18027
180541,county_18027
180542,county_18027
180543,county_18055
180544,county_18055
180545,county_18055
180546,county_18055
180547,county_18119
180548,county_18055
180549,county_18055
180550,county_18055
180551,county_18055
180552,county_18055
180553,county_18093
180554,county_18093
180555,county_18093
180556,county_18093
180557,county_18093
180558,county_18093
180559,county_18093
180560,county_18093
180561,county_18093
180562,county_18055
180563,county_18055
180564,county_18055
180565,county_18055
180566,county_18093
180567,county_18093
180568,county_18093
180569,county_18093
180570,county_18093
180571,county_18093
180572,county_18093
180573,county_18093
180574,county_18093
180575,county_18093
180576,county_18105
180577,county_18093
180578,county_18105
180579,county_18105
180580,county_18055
180581,county_18105
180582,county_18105
180583,county_18105
180584,county_18105
180585,county_18105
180586,county_18105
180587,county_18105
180588,county_18119
180589,county_18105
180590,county_18093
180591,county_18093
180592,county_18093
180593,county_18093
180594,county_18093
180595,county_18093
180596,county_18093
180597,county_18093
180598,county_18093
180599,county_18093
180600,county_18093
180601,county_18093
180602,county_18093
180603,county_18093
180604,county_18093
180605,county_18093
180606,county_18093
180607,county_18093
180608,county_18093
180609,county_18093
180610,county_18093
180611,county_18093
180612,county_18093
180613,county_18093
180614,county_18093
180615,county_18093
180616,county_18093
180617,county_18093
180618,county_18093
180619,county_18093
180620,county_18105
180621,county_18043
180622,county_18043
180623,county_18043
180624,county_18043
180625,county_18005
180626,county_18005
180627,county_18019
180628,county_18019
180629,county_18043
180630,county_18043
180631,county_18175
180632,county_18071
180633,county_18071
180634,county_18071
180635,county_18071
180636,county_18071
180637,county_18071
180638,county_18175
180639,county_18175
180640,county_18175
180641,county_18175
180642,county_18175
180643,county_18175
180644,county_18175
180645,county_18175
180646,county_18071
180647,county_18093
180648,county_18093
180649,county_18093
180650,county_18071
180651,county_18071
180652,county_18025
180653,county_18025
180654,county_18117
180655,county_18117
180656,county_18117
180657,county_18117
180658,county_18117
180659,county_18117
180660,county_18117
180661,county_18117
180662,county_18025
180663,county_18117
180664,county_18117
180665,county_18117
180666,county_18117
180667,county_18117
180668,county_18061
180669,county_18175
180670,county_18175
180671,county_18175
180672,county_18175
180673,county_18175
180674,county_18175
180675,county_18061
180676,county_18175
180677,county_18175
180678,county_18175
180679,county_18175
180680,county_18175
180681,county_18025
180682,county_18025
180683,county_18025
180684,county_18117
180685,county_18117
180686,county_18117
180687,county_18025
180688,county_18025
180689,county_18025
180690,county_18025
180691,county_18025
180692,county_18025
180693,county_18025
180694,county_18117
180695,county_18025
180696,county_18025
180697,county_18025
180698,county_18025
180699,county_18025
180700,county_18025
180701,county_18117
180702,county_18175
180703,county_18117
180704,county_18093
180705,county_18117
180706,county_18117
180707,county_18117
180708,county_18117
180709,county_18117
180710,county_18117
180711,county_18117
180712,county_18117
180713,county_18061
180714,county_18061
180715,county_18175
180716,county_18061
180717,county_18043
180718,county_18061
180719,county_18061
180720,county_18061
180721,county_18175
180722,county_18175
180723,county_18043
180724,county_18061
180725,county_18061
180726,county_18043
180727,county_18175
180728,county_18175
180729,county_18175
180730,county_18175
180731,county_18175
180732,county_18175
180733,county_18175
180734,county_18175
180735,county_18175
180736,county_18175
180737,county_18175
180738,county_18175
180739,county_18175
180740,county_18175
180741,county_18175
180742,county_18175
180743,county_18175
180744,county_18175
180745,county_18105
180746,county_18005
180747,county_18071
180748,county_18071
180749,county_18013
180750,county_18013
180751,county_18071
180752,county_18093
180753,county_18093
180754,county_18093
180755,county_18093
180756,county_18093
180757,county_18071
180758,county_18071
180759,county_18071
180760,county_18071
180761,county_18071
180762,county_18071
180763,county_18071
180764,county_18071
180765,county_18071
180766,county_18071
180767,county_18071
180768,county_18071
180769,county_18071
180770,county_18013
180771,county_18071
180772,county_18071
180773,county_18071
180774,county_18019
180775,county_18019
180776,county_18019
180777,county_18143
180778,county_18019
180779,county_18019
180780,county_18019
180781,county_18019
180782,county_18019
180783,county_18019
180784,county_18019
180785,county_18019
180786,county_18019
180787,county_18019
180788,county_18019
180789,county_18019
180790,county_18143
180791,county_18143
180792,county_18143
180793,county_18019
180794,county_18043
180795,county_18019
180796,county_18019
180797,county_18043
180798,county_18019
180799,county_18043
180800,county_18019
180801,county_18019
180802,county_18019
180803,county_18019
180804,county_18019
180805,county_18043
180806,county_18043
180807,county_18043
180808,county_18043
180809,county_18043
180810,county_18043
180811,county_18043
180812,county_18019
180813,county_18019
180814,county_18019
180815,county_18019
180816,county_18043
180817,county_18019
180818,county_18019
180819,county_18043
180820,county_18043
180821,county_18043
180822,county_18043
180823,county_18043
180824,county_18019
180825,county_18019
180826,county_18019
180827,county_18019
180828,county_18019
180829,county_18019
180830,county_18019
180831,county_18143
180832,county_18143
180833,county_18071
180834,county_18071
180835,county_18143
180836,county_18143
180837,county_18175
180838,county_18071
180839,county_18175
180840,county_18175
180841,county_18019
180842,county_18019
180843,county_18143
180844,county_18143
180845,county_18143
180846,county_18143
180847,county_18143
180848,county_18143
180853,county_18019
180854,county_18019
180856,county_18019
180870,county_18005
180871,county_18071
180872,county_18005
180873,county_18005
180874,county_18071
180875,county_18005
180876,county_18079
180877,county_18071
180878,county_18071
180879,county_18071
180880,county_18071
180881,county_18071
180882,county_18071
180883,county_18071
180884,county_18071
180885,county_18071
180886,county_18071
180887,county_18071
180888,county_18071
180889,county_18079
180890,county_18071
180891,county_18071
180892,county_18071
180893,county_18005
180894,county_18005
180895,county_18005
180896,county_18005
180897,county_18005
180898,county_18005
180899,county_18005
180900,county_18145
180901,county_18037
180902,county_18037
180903,county_18027
180904,county_18037
180905,county_18037
180906,county_18037
180907,county_18083
180908,county_18083
180909,county_18083
180910,county_18083
180911,county_18083
180912,county_18083
180913,county_18125
180914,county_18037
180915,county_18051
180916,county_18051
180917,county_18051
180918,county_18051
180919,county_18051
180920,county_18051
180921,county_18051
180922,county_18051
180923,county_18051
180924,county_18083
180925,county_18083
180926,county_18083
180927,county_18051
180928,county_18083
180929,county_18051
180930,county_18051
180931,county_18083
180932,county_18051
180933,county_18051
180934,county_18051
180935,county_18125
180936,county_18125
180937,county_18027
180938,county_18027
180939,county_18125
180940,county_18125
180941,county_18125
180942,county_18125
180943,county_18125
180944,county_18125
180945,county_18125
180946,county_18125
180947,county_18125
180948,county_18125
180949,county_18125
180950,county_18083
180951,county_18083
180952,county_18083
180953,county_18083
180954,county_18125
180955,county_18125
180956,county_18125
180957,county_18125
180958,county_18125
180959,county_18051
180960,county_18051
180961,county_18051
180962,county_18051
180963,county_18051
180964,county_18051
180965,county_18051
180966,county_18051
180967,county_18125
180968,county_18125
180969,county_18083
180970,county_18083
180971,county_18083
180972,county_18083
180973,county_18083
180974,county_18083
180975,county_18083
180976,county_18083
180977,county_18083
180978,county_18083
180979,county_18083
180980,county_18083
180981,county_18083
180982,county_18083
180983,county_18083
180984,county_18083
180985,county_18125
180986,county_18125
180987,county_18125
180988,county_18125
180989,county_18125
180990,county_18125
180991,county_18125
180992,county_18125
180993,county_18125
180994,county_18125
180995,county_18125
180996,county_18125
180997,county_18125
180998,county_18125
180999,county_18125
181000,county_18125
181001,county_18125
181002,county_18125
181003,county_18125
181004,county_18125
181005,county_18027
181006,county_18027
181007,county_18083
181008,county_18083
181009,county_18025
181010,county_18037
181011,county_18037
181012,county_18037
181013,county_18037
181014,county_18037
181015,county_18037
181016,county_18037
181017,county_18037
181018,county_18101
181019,county_18101
181020,county_18101
181021,county_18117
181022,county_18117
181023,county_18117
181024,county_18037
181025,county_18037
181026,county_18037
181027,county_18037
181028,county_18037
181029,county_18037
181030,county_18037
181031,county_18037
181032,county_18037
181033,county_18037
181034,county_18037
181035,county_18037
181036,county_18037
181037,county_18037
181038,county_18037
181039,county_18037
181040,county_18037
181041,county_18037
181042,county_18037
181043,county_18037
181044,county_18037
181045,county_18037
181046,county_18037
181047,county_18037
181048,county_18037
181049,county_18037
181050,county_18037
181051,county_18037
181052,county_18037
181053,county_18037
181054,county_18037
181055,county_18037
181056,county_18037
181057,county_18037
181058,county_18101
181059,county_18025
181060,county_18025
181061,county_18037
181062,county_18117
181063,county_18037
181064,county_18037
181065,county_18025
181066,county_18025
181067,county_18051
181068,county_18051
181069,county_18051
181070,county_18163
181071,county_18163
181072,county_18163
181073,county_18163
181074,county_18163
181075,county_18163
181076,county_18051
181077,county_18051
181078,county_18163
181079,county_18163
181080,county_18129
181081,county_18163
181082,county_18163
181083,county_18163
181084,county_18163
181085,county_18163
181086,county_18163
181087,county_18163
181088,county_18129
181089,county_18129
181090,county_18051
181091,county_18163
181092,county_18163
181093,county_18163
181094,county_18163
181095,county_18163
181096,county_18163
181097,county_18051
181098,county_18129
181099,county_18129
181100,county_18129
181101,county_18129
181102,county_18129
181103,county_18163
181104,county_18163
181105,county_18051
181106,county_18051
181107,county_18163
181108,county_18163
181109,county_18163
181110,county_18163
181111,county_18163
181112,county_18163
181113,county_18163
181114,county_18163
181115,county_18163
181116,county_18163
181117,county_18163
181118,county_18051
181119,county_18083
181120,county_18051
181121,county_18163
181122,county_18163
181123,county_18163
181124,county_18163
181125,county_18163
181126,county_18163
181127,county_18163
181128,county_18163
181129,county_18163
181130,county_18163
181131,county_18163
181132,county_18163
181133,county_18163
181134,county_18163
181135,county_18163
181136,county_18163
181137,county_18163
181138,county_18173
181139,county_18173
181140,county_18173
181141,county_18173
181142,county_18173
181143,county_18173
181144,county_18173
181145,county_18173
181146,county_18147
181147,county_18147
181148,county_18147
181149,county_18147
181150,county_18147
181151,county_18147
181152,county_18147
181153,county_18173
181154,county_18147
181155,county_18147
181156,county_18147
181157,county_18147
181158,county_18147
181159,county_18147
181160,county_18147
181161,county_18147
181162,county_18147
181163,county_18123
181164,county_18123
181165,county_18123
181166,county_18123
181167,county_18123
181168,county_18123
181169,county_18123
181170,county_18123
181171,county_18123
181172,county_18123
181173,county_18123
181174,county_18123
181175,county_18123
181176,county_18123
181177,county_18123
181178,county_18123
181179,county_18123
181180,county_18123
181181,county_18123
181182,county_18123
181183,county_18123
181184,county_18123
181185,county_18123
181186,county_18123
181187,county_18123
181188,county_18123
181189,county_18123
181190,county_18123
181191,county_18025
181192,county_18025
181193,county_18025
181194,county_18123
181195,county_18123
181196,county_18025
181197,county_18025
181198,county_18025
181199,county_18025
181200,county_18061
181201,county_18061
181202,county_18061
181203,county_18061
181204,county_18061
181205,county_18061
181206,county_18061
181207,county_18061
181208,county_18061
181209,county_18061
181210,county_18061
181211,county_18061
181212,county_18061
181213,county_18061
181214,county_18061
181215,county_18061
181216,county_18061
181217,county_18061
181218,county_18061
181219,county_18061
181220,county_18061
181221,county_18043
181222,county_18043
181223,county_18043
181224,county_18043
181225,county_18043
181226,county_18043
181227,county_18043
181228,county_18043
181229,county_18019
181230,county_18019
181231,county_18019
181232,county_18019
181233,county_18019
181234,county_18019
181235,county_18019
181236,county_18019
181237,county_18019
181238,county_18019
181239,county_18125
181240,county_18125
181241,county_18125
181242,county_18147
181243,county_18173
181244,county_18173
181245,county_18173
181246,county_18173
181247,county_18173
181248,county_18173
181249,county_18173
181250,county_18173
181251,county_18173
181252,county_18173
181253,county_18163
181254,county_18173
181255,county_18173
181256,county_18173
181257,county_18173
181258,county_18173
181259,county_18173
181260,county_18173
181261,county_18173
181262,county_18051
181263,county_18051
181264,county_18173
181265,county_18163
181266,county_18173
181267,county_18173
181268,county_18173
181269,county_18173
181270,county_18173
181271,county_18173
181272,county_18173
181273,county_18173
181274,county_18173
181275,county_18173
181276,county_18173
181277,county_18173
181278,county_18173
181279,county_18173
181280,county_18173
181281,county_18173
181282,county_18173
181283,county_18173
181284,county_18173
181285,county_18173
181286,county_18173
181287,county_18051
181288,county_18173
181289,county_18173
181290,county_18173
181291,county_18173
181292,county_18173
181293,county_18173
181294,county_18173
181295,county_18173
181296,county_18173
181297,county_18173
181298,county_18173
181299,county_18173
181300,county_18173
181301,county_18173
181302,county_18173
181303,county_18173
181304,county_18173
181305,county_18173
181306,county_18173
181307,county_18173
181308,county_18173
181309,county_18173
181310,county_18173
181311,county_18173
181312,county_18173
181313,county_18173
181314,county_18173
181315,county_18173
181316,county_18173
181317,county_18173
181318,county_18173
181319,county_18173
181320,county_18173
181321,county_18173
181322,county_18173
181323,county_18173
181324,county_18173
181325,county_18173
181326,county_18173
181327,county_18173
181328,county_18173
181329,county_18173
181330,county_18173
181331,county_18173
181332,county_18173
181333,county_18173
181334,county_18173
181335,county_18173
181336,county_18173
181337,county_18163
181338,county_18163
181339,county_18173
181340,county_18173
181341,county_18173
181342,county_18173
181343,county_18173
181344,county_18147
181345,county_18147
181346,county_18173
181347,county_18173
181348,county_18173
181349,county_18173
181350,county_18173
181351,county_18173
181352,county_18173
181353,county_18173
181354,county_18173
181355,county_18147
181356,county_18147
181357,county_18147
181358,county_18147
181359,county_18147
181360,county_18147
181361,county_18147
181362,county_18147
181363,county_18147
181364,county_18147
181365,county_18147
181366,county_18147
181367,county_18147
181368,county_18147
181369,county_18147
181370,county_18147
181371,county_18147
181372,county_18147
181373,county_18173
181374,county_18147
181375,county_18147
181376,county_18147
181377,county_18147
181378,county_18147
181379,county_18147
181380,county_18147
181381,county_18147
181382,county_18147
181383,county_18147
181384,county_18147
181385,county_18147
181386,county_18147
181387,county_18147
181388,county_18147
181389,county_18147
181390,county_18173
181391,county_18037
181392,county_18037
181393,county_18037
181394,county_18037
181395,county_18037
181396,county_18147
181397,county_18147
181398,county_18147
181399,county_18037
181400,county_18037
181401,county_18037
181402,county_18147
181403,county_18147
181404,county_18147
181405,county_18037
181406,county_18037
181407,county_18037
181408,county_18037
181409,county_18123
181410,county_18123
181411,county_18123
181412,county_18147
181413,county_18037
181414,county_18147
181415,county_18147
181416,county_18037
181417,county_18147
181418,county_18037
181419,county_18123
181420,county_18123
181421,county_18123
181422,county_18123
181423,county_18123
181424,county_18123
181425,county_18123
181426,county_18147
181427,county_18147
181428,county_18147
181429,county_18147
181430,county_18147
181431,county_18147
181432,county_18123
181433,county_18123
181434,county_18123
181435,county_18123
181436,county_18123
181437,county_18123
181438,county_18123
181439,county_18123
181440,county_18123
181441,county_18123
181442,county_18025
181443,county_18025
181444,county_18025
181445,county_18123
181446,county_18123
181447,county_18123
181448,county_18123
181449,county_18123
181450,county_18123
181451,county_18025
181452,county_18043
181453,county_18025
181454,county_18025
181455,county_18025
181456,county_18061
181457,county_18061
181458,county_18061
181459,county_18061
181460,county_18061
181461,county_18061
181462,county_18061
181463,county_18061
181464,county_18061
181465,county_18061
181466,county_18061
181467,county_18061
181468,county_18061
210000,county_21093
210001,county_21009
210002,county_21009
210003,county_21009
210004,county_21009
210005,county_21093
210006,county_21183
210007,county_21183
210008,county_21177
210009,county_21177
210010,county_21213
210011,county_21213
210012,county_21213
210013,county_21177
210014,county_21177
210015,county_21213
210016,county_21141
210017,county_21047
210018,county_21141
210019,county_21047
210020,county_21141
210021,county_21213
210022,county_21141
210023,county_21177
210024,county_21047
210025,county_21047
210026,county_21177
210027,county_21107
210028,county_21107
210029,county_21107
210030,county_21177
210031,county_21177
210032,county_21177
210033,county_21107
210034,county_21107
210035,county_21107
210036,county_21047
210037,county_21107
210038,county_21107
210039,county_21047
210040,county_21047
210041,county_21107
210042,county_21047
210043,county_21047
210044,county_21047
210045,county_21047
210046,county_21047
210047,county_21047
210048,county_21177
210049,county_21177
210050,county_21047
210051,county_21107
210052,county_21177
210053,county_21047
210054,county_21107
210055,county_21177
210056,county_21047
210057,county_21177
210058,county_21047
210059,county_21219
210060,county_21219
210061,county_21219
210062,county_21047
210063,county_21047
210064,county_21047
210065,county_21047
210066,county_21219
210067,county_21047
210068,county_21047
210069,county_21047
210070,county_21047
210071,county_21047
210072,county_21047
210073,county_21047
210074,county_21047
210075,county_21047
210076,county_21047
210077,county_21047
210078,county_21047
210079,county_21047
210080,county_21047
210081,county_21047
210082,county_21047
210083,county_21047
210084,county_21047
210085,county_21047
210086,county_21047
210087,county_21047
210088,county_21047
210089,county_21047
210090,county_21047
210091,county_21047
210092,county_21047
210093,county_21047
210094,county_21047
210095,county_21047
210096,county_21047
210097,county_21047
210098,county_21047
210099,county_21047
210100,county_21047
210101,county_21047
210102,county_21047
210103,county_21047
210104,county_21047
210105,county_21047
210106,county_21047
210107,county_21047
210108,county_21047
210109,county_21047
210110,county_21047
210111,county_21047
210112,county_21047
210113,county_21047
210114,county_21047
210115,county_21047
210116,county_21047
210117,county_21047
210118,county_21047
210119,county_21047
210120,county_21107
210121,county_21107
210122,county_21047
210123,county_21047
210124,county_21107
210125,county_21107
210126,county_21219
210127,county_21219
210128,county_21219
210129,county_21219
210130,county_21177
210131,county_21177
210132,county_21177
210133,county_21177
210134,county_21177
210135,county_21177
210136,county_21177
210137,county_21107
210138,county_21107
210139,county_21107
210140,county_21107
210141,county_21149
210142,county_21149
210143,county_21149
210144,county_21149
210145,county_21149
210146,county_21177
210147,county_21177
210148,county_21233
210149,county_21149
210150,county_21107
210151,county_21107
210152,county_21107
210153,county_21107
210154,county_21107
210155,county_21107
210156,county_21107
210157,county_21107
210158,county_21107
210159,county_21107
210160,county_21107
210161,county_21107
210162,county_21107
210163,county_21107
210164,county_21107
210165,county_21107
210166,county_21107
210167,county_21107
210168,county_21107
210169,county_21107
210170,county_21107
210171,county_21107
210172,county_21107
210173,county_21107
210174,county_21107
210175,county_21107
210176,county_21177
210177,county_21177
210178,county_21177
210179,county_21177
210180,county_21177
210181,county_21149
210182,county_21177
210183,county_21177
210184,county_21177
210185,county_21177
210186,county_21177
210187,county_21149
210188,county_21183
210189,county_21085
210190,county_21183
210191,county_21031
210192,county_21085
210193,county_21085
210194,county_21031
210195,county_21031
210196,county_21061
210197,county_21061
210198,county_21061
210199,county_21061
210200,county_21227
210201,county_21227
210202,county_21227
210203,county_21227
210204,county_21227
210205,county_21213
210206,county_21227
210207,county_21227
210208,county_21227
210209,county_21227
210210,county_21227
210211,county_21213
210212,county_21213
210213,county_21031
210214,county_21227
210215,county_21227
210216,county_21031
210217,county_21227
210218,county_21031
210219,county_21227
210220,county_21227
210221,county_21031
210222,county_21227
210223,county_21141
210224,county_21141
210225,county_21141
210226,county_21227
210227,county_21141
210228,county_21141
210229,county_21141
210230,county_21031
210231,county_21141
210232,county_21141
210233,county_21141
210234,county_21141
210235,county_21141
210236,county_21141
210237,county_21141
210238,county_21141
210239,county_21141
210240,county_21141
210241,county_21141
210242,county_21141
210243,county_21141
210244,county_21141
210245,county_21141
210246,county_21141
210247,county_21141
210248,county_21141
210249,county_21141
210250,county_21141
210251,county_21141
210252,county_21141
210253,county_21177
210254,county_21141
210255,county_21031
210256,county_21227
210257,county_21213
210258,county_21227
210259,county_21213
210260,county_21213
210261,county_21213
210262,county_21213
210263,county_21213
210264,county_21213
210265,county_21213
210266,county_21213
210267,county_21213
210268,county_21213
210269,county_21213
210270,county_21213
210271,county_21213
210272,county_21213
210273,county_21213
210274,county_21213
210275,county_21213
210276,county_21213
210277,county_21213
210278,county_21213
210279,county_21213
210280,county_21213
210281,county_21213
210282,county_21213
210283,county_21227
210284,county_21227
210285,county_21227
210286,county_21227
210287,county_21227
210288,county_21227
210289,county_21227
210290,county_21227
210291,county_21031
210292,county_21227
210293,county_21227
210294,county_21227
210295,county_21183
210296,county_21183
210297,county_21183
210298,county_21183
210299,county_21183
210300,county_21183
210301,county_21183
210302,county_21183
210303,county_21183
210304,county_21183
210305,county_21183
210306,county_21183
210307,county_21183
210308,county_21183
210309,county_21031
210310,county_21227
210311,county_21061
210312,county_21227
210313,county_21227
210314,county_21227
210315,county_21227
210316,county_21227
210317,county_21227
210318,county_21227
210319,county_21227
210320,county_21227
210321,county_21227
210322,county_21227
210323,county_21227
210324,county_21227
210325,county_21061
210326,county_21227
210327,county_21227
210328,county_21227
210329,county_21227
210330,county_21227
210331,county_21227
210332,county_21227
210333,county_21227
210334,county_21227
210335,county_21213
210336,county_21213
210337,county_21227
210338,county_21227
210339,county_21227
210340,county_21227
210341,county_21227
210342,county_21227
210343,county_21227
210344,county_21227
210345,county_21227
210346,county_21227
210347,county_21227
210348,county_21227
210349,county_21227
210350,county_21227
210351,county_21227
210352,county_21227
210353,county_21227
210354,county_21227
210355,county_21227
210356,county_21227
210357,county_21227
210358,county_21227
210359,county_21227
210360,county_21227
210361,county_21227
210362,county_21227
210363,county_21227
210364,county_21227
210365,county_21227
210366,county_21227
210367,county_21227
210368,county_21227
210369,county_21227
210370,county_21227
210371,county_21227
210372,county_21227
210373,county_21227
210374,county_21227
210375,county_21227
210376,county_21227
210377,county_21227
210378,county_21227
210379,county_21227
210380,county_21227
210381,county_21227
210382,county_21227
210383,county_21227
210384,county_21227
210385,county_21227
210386,county_21227
210387,county_21227
210388,county_21227
210389,county_21227
210390,county_21227
210391,county_21227
210392,county_21227
210393,county_21227
210394,county_21227
210395,county_21227
210396,county_21227
210397,county_21227
210398,county_21227
210399,county_21227
210400,county_21227
210401,county_21227
210402,county_21227
210403,county_21227
210404,county_21227
210405,county_21227
210406,county_21227
210407,county_21227
210408,county_21227
210409,county_21227
210410,county_21227
210411,county_21227
210412,county_21227
210413,county_21227
210414,county_21227
210415,county_21227
210416,county_21227
210417,county_21227
210418,county_21227
210419,county_21227
210420,county_21227
210421,county_21061
210422,county_21061
210423,county_21009
210424,county_21009
210425,county_21227
210426,county_21227
210427,county_21009
210428,county_21009
210429,county_21227
210430,county_21227
210431,county_21227
210432,county_21009
210433,county_21085
210434,county_21085
210435,county_21085
210436,county_21085
210437,county_21085
210438,county_21085
210439,county_21085
210440,county_21085
210441,county_21093
210442,county_21085
210443,county_21085
210444,county_21061
210445,county_21093
210446,county_21085
210447,county_21085
210448,county_21085
210449,county_21085
210450,county_21085
210451,county_21093
210452,county_21009
210453,county_21009
210454,county_21093
210455,county_21093
210456,county_21093
210457,county_21093
210458,county_21093
210459,county_21093
210460,county_21093
210461,county_21093
210462,county_21093
210463,county_21099
210464,county_21099
210465,county_21099
210466,county_21099
210467,county_21093
210468,county_21093
210469,county_21093
210470,county_21085
210471,county_21093
210472,county_21093
210473,county_21093
210474,county_21093
210475,county_21093
210476,county_21093
210477,county_21099
210478,county_21099
210479,county_21099
210480,county_21099
210481,county_21099
210482,county_21009
210483,county_21009
210484,county_21009
210485,county_21009
210486,county_21009
210487,county_21009
210488,county_21093
210489,county_21123
210490,county_21093
210491,county_21123
210492,county_21099
210493,county_21099
210494,county_21099
210495,county_21099
210496,county_21099
210497,county_21093
210498,county_21093
210499,county_21093
210500,county_21093
210501,county_21093
210502,county_21093
210503,county_21093
210504,county_21093
210505,county_21093
210506,county_21093
210507,county_21093
210508,county_21093
210509,county_21093
210510,county_21093
210511,county_21093
210512,county_21093
210513,county_21093
210514,county_21093
210515,county_21093
210516,county_21093
210517,county_21093
210518,county_21093
210519,county_21093
210520,county_21093
210521,county_21093
210522,county_21093
210523,county_21093
210524,county_21093
210525,county_21093
210526,county_21093
210527,county_21093
210528,county_21093
210529,county_21093
210530,county_21093
210531,county_21093
210532,county_21093
210533,county_21093
210534,county_21093
210535,county_21093
210536,county_21093
210537,county_21093
210538,county_21093
210539,county_21093
210540,county_21093
210541,county_21093
210542,county_21093
210543,county_21093
210544,county_21093
210545,county_21093
210546,county_21093
210547,county_21093
210548,county_21093
210549,county_21093
210550,county_21093
210551,county_21093
210552,county_21093
210553,county_21093
210554,county_21093
210555,county_21093
210556,county_21093
210557,county_21093
210558,county_21179
210559,county_21093
210560,county_21093
210561,county_21093
210562,county_21093
210563,county_21093
210564,county_21093
210565,county_21093
210566,county_21093
210567,county_21093
210568,county_21093
210569,county_21093
210570,county_21093
210571,county_21093
210572,county_21093
210573,county_21093
210574,county_21093
210575,county_21093
210576,county_21093
210577,county_21093
210578,county_21093
210579,county_21093
210580,county_21093
210581,county_21093
210582,county_21093
210583,county_21093
210584,county_21163
210585,county_21163
210586,county_21093
210587,county_21093
210588,county_21093
210589,county_21093
210590,county_21163
210591,county_21163
210592,county_21163
210593,county_21093
210594,county_21163
210595,county_21163
210596,county_21163
210597,county_21163
210598,county_21163
210599,county_21163
210600,county_21163
210601,county_21163
210602,county_21163
210603,county_21163
210604,county_21163
210605,county_21163
210606,county_21163
210607,county_21163
210608,county_21163
210609,county_21163
210610,county_21163
210611,county_21163
210612,county_21163
210613,county_21163
210614,county_21093
210615,county_21093
210616,county_21163
210617,county_21093
210618,county_21163
210619,county_21163
210620,county_21163
210621,county_21163
210622,county_21163
210623,county_21163
210624,county_21163
210625,county_21163
210626,county_21029
210627,county_21029
210628,county_21029
210629,county_21029
210630,county_21093
210631,county_21093
210632,county_21093
210633,county_21093
210634,county_21093
210635,county_21093
210636,county_21093
210637,county_21093
210638,county_21093
210639,county_21093
210640,county_21093
210641,county_21093
210642,county_21093
210643,county_21093
210644,county_21093
210645,county_21093
210646,county_21093
210647,county_21093
210648,county_21093
210649,county_21093
210650,county_21093
210651,county_21093
210652,county_21093
210653,county_21093
210654,county_21093
210655,county_21093
210656,county_21093
210657,county_21093
210658,county_21093
210659,county_21093
210660,county_21093
210661,county_21093
210662,county_21093
210663,county_21093
210664,county_21093
210665,county_21029
210666,county_21111
210667,county_21111
210668,county_21111
210669,county_21111
210670,county_21111
210671,county_21111
210672,county_21111
210673,county_21111
210674,county_21111
210675,county_21029
210676,county_21029
210677,county_21029
210678,county_21029
210679,county_21029
210680,county_21029
210681,county_21111
210682,county_21111
210683,county_21029
210684,county_21029
210685,county_21029
210686,county_21111
210687,county_21111
210688,county_21111
210689,county_21111
210690,county_21029
210691,county_21029
210692,county_21029
210693,county_21029
210694,county_21029
210695,county_21111
210696,county_21111
210697,county_21111
210698,county_21111
210699,county_21111
210700,county_21111
210701,county_21111
210702,county_21111
210703,county_21111
210704,county_21111
210705,county_21111
210706,county_21111
210707,county_21111
210708,county_21111
210709,county_21111
210710,county_21111
210711,county_21111
210712,county_21111
210713,county_21111
210714,county_21111
210715,county_21111
210716,county_21111
210717,county_21111
210718,county_21111
210719,county_21111
210720,county_21111
210721,county_21111
210722,county_21111
210723,county_21111
210724,county_21111
210725,county_21111
210726,county_21111
210727,county_21111
210728,county_21111
210729,county_21111
210730,county_21111
210731,county_21111
210732,county_21111
210733,county_21111
210734,county_21111
210735,county_21111
210736,county_21111
210737,county_21111
210738,county_21111
210739,county_21111
210740,county_21111
210741,county_21111
210742,county_21111
210743,county_21111
210744,county_21111
210745,county_21111
210746,county_21111
210747,county_21111
210748,county_21111
210749,county_21111
210750,county_21111
210751,county_21111
210752,county_21111
210753,county_21111
210754,county_21111
210755,county_21111
210756,county_21111
210757,county_21029
210758,county_21029
210759,county_21029
210760,county_21029
210761,county_21029
210762,county_21029
210763,county_21029
210764,county_21029
210765,county_21111
210766,county_21111
210767,county_21111
210768,county_21111
210769,county_21111
210770,county_21111
210771,county_21111
210772,county_21111
210773,county_21111
210774,county_21111
210775,county_21111
210776,county_21111
210777,county_21111
210778,county_21111
210779,county_21111
210780,county_21111
210781,county_21111
210782,county_21111
210783,county_21111
210784,county_21111
210785,county_21111
210786,county_21111
210787,county_21111
210788,county_21111
210789,county_21029
210790,county_21029
210791,county_21029
210792,county_21111
210793,county_21111
210794,county_21111
210795,county_21111
210796,county_21111
210797,county_21111
210798,county_21029
210799,county_21029
210800,county_21029
210801,county_21029
210802,county_21029
210803,county_21029
210804,county_21029
210805,county_21029
210806,county_21029
210807,county_21111
210808,county_21111
210809,county_21111
210810,county_21111
210811,county_21111
210812,county_21111
210813,county_21111
210814,county_21111
210815,county_21111
210816,county_21111
210817,county_21111
210818,county_21111
210819,county_21111
210820,county_21111
210821,county_21111
210822,county_21111
210823,county_21111
210824,county_21111
210825,county_21111
210826,county_21111
210827,county_21111
210828,county_21111
210829,county_21111
210830,county_21111
210831,county_21111
210832,county_21111
210833,county_21111
210834,county_21111
210835,county_21111
210836,county_21111
210837,county_21111
210838,county_21111
210839,county_21111
210840,county_21111
210841,county_21111
210842,county_21111
210843,county_21111
210844,county_21111
210845,county_21111
210846,county_21111
210847,county_21111
210848,county_21111
210849,county_21111
210850,county_21111
210851,county_21111
210852,county_21111
210853,county_21111
210854,county_21111
210855,county_21111
210856,county_21111
210857,county_21111
210858,county_21111
210859,county_21111
210860,county_21111
210861,county_21111
210862,county_21111
210863,county_21111
210864,county_21111
210865,county_21111
210866,county_21111
210867,county_21111
210868,county_21111
210869,county_21111
210870,county_21111
210871,county_21111
210872,county_21111
210873,county_21111
210874,county_21111
210875,county_21111
210876,county_21111
210877,county_21111
210878,county_21111
210879,county_21111
210880,county_21111
210881,county_21111
210882,county_21111
210883,county_21111
210884,county_21111
210885,county_21111
210886,county_21111
210887,county_21111
210888,county_21111
210889,county_21111
210890,county_21111
210891,county_21111
210892,county_21111
210893,county_21185
210894,county_21185
210895,county_21185
210896,county_21185
210897,county_21185
210898,county_21111
210899,county_21111
210900,county_21111
210901,county_21111
210902,county_21185
210903,county_21185
210904,county_21185
210905,county_21185
210906,county_21111
210907,county_21111
210908,county_21185
210909,county_21111
210910,county_21111
210911,county_21111
210912,county_21111
210913,county_21111
210914,county_21111
210915,county_21111
210916,county_21111
210917,county_21111
210918,county_21111
210919,county_21111
210920,county_21111
210921,county_21111
210922,county_21111
210923,county_21111
210924,county_21111
210925,county_21111
210926,county_21111
210927,county_21111
210928,county_21111
210929,county_21111
210930,county_21111
210931,county_21111
210932,county_21111
210933,county_21111
210934,county_21111
210935,county_21111
210936,county_21111
210937,county_21111
210938,county_21111
210939,county_21111
210940,county_21111
210941,county_21111
210942,county_21111
210943,county_21111
210944,county_21111
210945,county_21111
210946,county_21111
210947,county_21111
210948,county_21111
210949,county_21111
210950,county_21111
210951,county_21111
210952,county_21111
210953,county_21111
210954,county_21111
210955,county_21111
210956,county_21111
210957,county_21111
210958,county_21111
210959,county_21111
210960,county_21111
210961,county_21111
210962,county_21111
210963,county_21111
210964,county_21111
210965,county_21111
210966,county_21111
210967,county_21111
210968,county_21111
210969,county_21111
210970,county_21111
210971,county_21111
210972,county_21029
210973,county_21029
210974,county_21111
210975,county_21029
210976,county_21029
210977,county_21093
210978,county_21093
210979,county_21163
210980,county_21163
210981,county_21163
210982,county_21163
210983,county_21163
210984,county_21163
210985,county_21163
210986,county_21163
210987,county_21163
210988,county_21163
210989,county_21163
210990,county_21163
210991,county_21163
210992,county_21163
210993,county_21163
210994,county_21163
210995,county_21163
210996,county_21163
210997,county_21163
210998,county_21163
210999,county_21163
211000,county_21163
211001,county_21163
211002,county_21163
211003,county_21163
211004,county_21163
211005,county_21163
211006,county_21163
211007,county_21163
211008,county_21163
211009,county_21163
211010,county_21163
211011,county_21163
211012,county_21163
211013,county_21163
211014,county_21163
211015,county_21163
211016,county_21027
211017,county_21027
211018,county_21027
211019,county_21027
211020,county_21027
211021,county_21027
211022,county_21027
211023,county_21027
211024,county_21027
211025,county_21027
211026,county_21027
211027,county_21027
211028,county_21027
211029,county_21085
211030,county_21085
211031,county_21085
211032,county_21085
211033,county_21183
211034,county_21183
211035,county_21091
211036,county_21027
211037,county_21059
211038,county_21059
211039,county_21059
211040,county_21059
211041,county_21059
211042,county_21059
211043,county_21059
211044,county_21059
211045,county_21059
211046,county_21059
211047,county_21059
211048,county_21059
211049,county_21059
211050,county_21059
211051,county_21059
211052,county_21183
211053,county_21059
211054,county_21059
211055,county_21059
211056,county_21059
211057,county_21059
211058,county_21059
211059,county_21059
211060,county_21059
211061,county_21059
211062,county_21059
211063,county_21059
211064,county_21059
211065,county_21059
211066,county_21059
211067,county_21059
211068,county_21059
211069,county_21059
211070,county_21059
211071,county_21059
211072,county_21059
211073,county_21059
211074,county_21059
211075,county_21059
211076,county_21059
211077,county_21059
211078,county_21059
211079,county_21059
211080,county_21059
211081,county_21059
211082,county_21059
211083,county_21059
211084,county_21059
211085,county_21059
211086,county_21059
211087,county_21183
211088,county_21183
211089,county_21059
211090,county_21059
211091,county_21059
211092,county_21059
211093,county_21059
211094,county_21059
211095,county_21059
211096,county_21059
211097,county_21059
211098,county_21059
211099,county_21059
211100,county_21183
211101,county_21059
211102,county_21059
211103,county_21059
211104,county_21059
211105,county_21059
211106,county_21059
211107,county_21059
211108,county_21059
211109,county_21059
211110,county_21059
211111,county_21059
211112,county_21059
211113,county_21059
211114,county_21059
211115,county_21059
211116,county_21059
211117,county_21059
211118,county_21059
211119,county_21059
211120,county_21059
211121,county_21059
211122,county_21059
211123,county_21059
211124,county_21091
211125,county_21091
211126,county_21091
211127,county_21091
211128,county_21091
211129,county_21091
211130,county_21091
211131,county_21091
211132,county_21059
211133,county_21027
211134,county_21059
211135,county_21059
211136,county_21059
211137,county_21059
211138,county_21059
211139,county_21059
211140,county_21059
211141,county_21059
211142,county_21059
211143,county_21059
211144,county_21059
211145,county_21059
211146,county_21059
211147,county_21059
211148,county_21059
211149,county_21059
211150,county_21059
211151,county_21059
211152,county_21059
211153,county_21101
211154,county_21101
211155,county_21101
211156,county_21101
211157,county_21101
211158,county_21101
211159,county_21101
211160,county_21101
211161,county_21101
211162,county_21101
211163,county_21101
211164,county_21059
211165,county_21059
211166,county_21059
211167,county_21059
211168,county_21059
211169,county_21059
211170,county_21059
211171,county_21059
211172,county_21059
211173,county_21059
211174,county_21059
211175,county_21059
211176,county_21059
211177,county_21059
211178,county_21059
211179,county_21059
211180,county_21059
211181,county_21059
211182,county_21059
211183,county_21101
211184,county_21101
211185,county_21101
211186,county_21233
211187,county_21233
211188,county_21233
211189,county_21233
211190,county_21233
211191,county_21149
211192,county_21149
211193,county_21149
211194,county_21107
211195,county_21047
211196,county_21047
211197,county_21047
211198,county_21047
211199,county_21047
211200,county_21047
211201,county_21047
211202,county_21047
211203,county_21047
211204,county_21047
211205,county_21047
211206,county_21219
211207,county_21219
211208,county_21219
211209,county_21219
211210,county_21219
211211,county_21141
211212,county_21141
211213,county_21141
211214,county_21213
211215,county_21213
211216,county_21213
211217,county_21213
211218,county_21213
211219,county_21213
211220,county_21213
211221,county_21213
211222,county_21213
211223,county_21213
211224,county_21213
211225,county_21213
211226,county_21213
211227,county_21213
470000,county_47147
470001,county_47147
470002,county_47147
470003,county_47147
470004,county_47021
470005,county_47021
470006,county_47021
470007,county_47021
470008,county_47021
470009,county_47021
470010,county_47021
470011,county_47021
470012,county_47021
470013,county_47021
470014,county_47021
470015,county_47037
470016,county_47037
470017,county_47037
470018,county_47021
470019,county_47125
470020,county_47125
470021,county_47125
470022,county_47021
470023,county_47021
470024,county_47021
470025,county_47125
470026,county_47125
470027,county_47125
470028,county_47021
470029,county_47125
470030,county_47125
470031,county_47125
470032,county_47125
470033,county_47125
470034,county_47125
470035,county_47125
470036,county_47125
470037,county_47125
470038,county_47125
470039,county_47125
470040,county_47125
470041,county_47125
470042,county_47125
470043,county_47125
470044,county_47125
470045,county_47125
470046,county_47125
470047,county_47125
470048,county_47125
470049,county_47125
470050,county_47125
470051,county_47125
470052,county_47125
470053,county_47125
470054,county_47125
470055,county_47125
470056,county_47125
470057,county_47125
470058,county_47125
470059,county_47125
470060,county_47125
470061,county_47125
470062,county_47125
470063,county_47125
470064,county_47125
470065,county_47125
470066,county_47125
470067,county_47125
470068,county_47125
470069,county_47125
470070,county_47125
470071,county_47125
470072,county_47125
470073,county_47125
470074,county_47021
470075,county_47021
470076,county_47021
470077,county_47021
470078,county_47021
470079,county_47125
470080,county_47125
470081,county_47125
470082,county_47125
470083,county_47125
470084,county_47125
470085,county_47125
470086,county_47125
470087,county_47125
470088,county_47125
470089,county_47125
470090,county_47125
470091,county_47037
470092,county_47165
470093,county_47165
470094,county_47165
470095,county_47037
470096,county_47037
470097,county_47037
470098,county_47037
470099,county_47037
470100,county_47037
470101,county_47037
470102,county_47037
470103,county_47037
470104,county_47037
470105,county_47037
470106,county_47037
470107,county_47037
470108,county_47037
470109,county_47037
470110,county_47037
470111,county_47037
470112,county_47037
470113,county_47037
470114,county_47037
470115,county_47037
470116,county_47037
470117,county_47037
470118,county_47037
470119,county_47037
470120,county_47037
470121,county_47037
470122,county_47037
470123,county_47037
470124,county_47037
470125,county_47037
470126,county_47037
470127,county_47037
470128,county_47037
470129,county_47037
470130,county_47037
470131,county_47037
470132,county_47037
470133,county_47037
470134,county_47037
470135,county_47037
470136,county_47037
470137,county_47037
470138,county_47037
470139,county_47037
470140,county_47037
470141,county_47037
470142,county_47037
470143,county_47037
470144,county_47037
470145,county_47037
470146,county_47037
470147,county_47037
470148,county_47037
470149,county_47037
470150,county_47037
470151,county_47037
470152,county_47037
470153,county_47037
470154,county_47037
470155,county_47037
470156,county_47037
470157,county_47037
470158,county_47037
470159,county_47037
470160,county_47037
470161,county_47037
470162,county_47037
470163,county_47037
470164,county_47037
470165,county_47037
470166,county_47037
470167,county_47037
470168,county_47037
470169,county_47037
470170,county_47037
470171,county_47037
470172,county_47037
470173,county_47037
470174,county_47037
470175,county_47037
470176,county_47037
470177,county_47037
470178,county_47037
470179,county_47037
470180,county_47037
470181,county_47037
470182,county_47037
470183,county_47037
470184,county_47037
470185,county_47037
470186,county_47037
470187,county_47037
470188,county_47037
470189,county_47037
470190,county_47037
470191,county_47037
470192,county_47037
470193,county_47037
470194,county_47037
470195,county_47037
470196,county_47037
470197,county_47037
470198,county_47037
470199,county_47037
470200,county_47037
470201,county_47037
470202,county_47037
470203,county_47037
470204,county_47037
470205,county_47037
470206,county_47037
470207,county_47037
470208,county_47037
470209,county_47037
470210,county_47037
470211,county_47037
470212,county_47037
470213,county_47037
470214,county_47037
470215,county_47037
470216,county_47037
470217,county_47037
470218,county_47037
470219,county_47037
470220,county_47037
470221,county_47037
470222,county_47037
470223,county_47037
470224,county_47037
470225,county_47037
470226,county_47037
470227,county_47037
470228,county_47037
470229,county_47037
470230,county_47037
470231,county_47037
470232,county_47037
470233,county_47037
470234,county_47037
470235,county_47037
470236,county_47037
470237,county_47037
470238,county_47037
470239,county_47037
470240,county_47037
470241,county_47037
470242,county_47037
470243,county_47037
470244,county_47037
470245,county_47037
470246,county_47037
470247,county_47037
470248,county_47037
470249,county_47037
470250,county_47037
470251,county_47037
470252,county_47037
470253,county_47037
470254,county_47037
470255,county_47037
470256,county_47037
470257,county_47037
470258,county_47037
470259,county_47037
470260,county_47147
470261,county_47147
470262,county_47147
470263,county_47147
470264,county_47165
470265,county_47037
470266,county_47037
470267,county_47037
470268,county_47147
470269,county_47147
470270,county_47147
470271,county_47147
470272,county_47147
470273,county_47147
470274,county_47147
470275,county_47037
470276,county_47037
470277,county_47037
470278,county_47037
470279,county_47037
470280,county_47037
470281,county_47037
470282,county_47021
470283,county_47037
470284,county_47037
470285,county_47037
470286,county_47037
470287,county_47037
470288,county_47037
470289,county_47037
470290,county_47037
470291,county_47037
470292,county_47037
470293,county_47147
470294,county_47147
470295,county_47147
470296,county_47147
470297,county_47147
470298,county_47147
470299,county_47147
470300,county_47147
470301,county_47147
470302,county_47165
470303,county_47165
470304,county_47037
470305,county_47037
470306,county_47037
470307,county_47037
470308,county_47037
470309,county_47165
470310,county_47037
470311,county_47037
470312,county_47037
470313,county_47037
470314,county_47037
470315,county_47037
470316,county_47037
470317,county_47037
470318,county_47037
470319,county_47037
470320,county_47037
470321,county_47037
470322,county_47037
470323,county_47037
470324,county_47037
470325,county_47037
470326,county_47037
470327,county_47037
470328,county_47037
470329,county_47037
470330,county_47037
470331,county_47037
470332,county_47037
470333,county_47037
470334,county_47037
470335,county_47037
470336,county_47037
470337,county_47037
470338,county_47037
470339,county_47037
470340,county_47037
470341,county_47037
470342,county_47165
470343,county_47165
470344,county_47165
470345,county_47165
470346,county_47037
470347,county_47037
470348,county_47037
470349,county_47037
470350,county_47037
470351,county_47165
470352,county_47147
470353,county_47165
470354,county_47147
470355,county_47147
470356,county_47165
470357,county_47165
470358,county_47125
470359,county_47125
470360,county_47125
470361,county_47125
470362,county_47125
470363,county_47125
470364,county_47125
470365,county_47125
470366,county_47125
470367,county_47125
470368,county_47125
470369,county_47125
470370,county_47125
470371,county_47147
470372,county_47147
470373,county_47147
470374,county_47147
470375,county_47165
470376,county_47165
470377,county_47165
990000,external
990002,external
990003,external
990004,external
990005,external
990007,external
990008,external
990009,external
990010,external
990011,external
990012,external
990014,external
990015,external
990016,external
990017,external
990018,external
990019,external
990020,external
990022,external
990023,external
990024,external
990025,external
990027,external
990028,external
990029,external
990031,external
990032,external
990033,external
990034,external
990035,external
990036,external
990037,external
990038,external
990039,external
990040,external
990041,external
990044,external
990045,external
990046,external
990047,external
990048,external
990049,external
990050,external
990051,external
990053,external
990054,external
990055,external
990056,external
990057,external
990058,external
990059,external
990060,external
990061,external
990062,external
990063,external
990064,external
990065,external
990066,external
990067,external
990068,external
990069,external
990070,external
990071,external
990072,external
990073,external
990074,external
990075,external
990076,external
990077,external
990078,external
990080,external
990082,external
990083,external
990084,external
990085,external
990086,external
990087,external
990088,external
