minority,lowengpro,age18or65,lowinc,TAZ
0,0,0,0,180000
0,0,0,0,180001
0,0,0,0,180002
0,0,0,0,180003
0,0,0,0,180004
0,0,0,0,180005
0,0,0,0,180006
0,0,0,0,180007
0,0,0,0,180008
0,0,0,0,180009
0,0,0,0,180010
0,0,0,0,180011
0,0,0,0,180012
0,0,0,0,180013
0,0,0,0,180014
0,0,0,0,180015
0,0,0,0,180016
0,0,0,0,180017
0,0,0,0,180018
0,0,0,0,180019
0,0,0,0,180020
0,0,0,0,180021
0,0,0,0,180022
0,0,0,0,180023
0,0,0,0,180024
0,0,0,0,180025
0,0,0,0,180026
0,0,0,0,180027
0,0,0,0,180028
0,0,0,0,180029
0,0,0,0,180030
0,0,0,0,180031
0,0,0,0,180032
0,0,0,0,180033
0,0,0,0,180034
0,0,0,0,180035
0,0,0,0,180036
0,0,0,0,180037
0,0,0,0,180038
0,0,0,0,180039
0,0,0,0,180040
0,0,0,0,180041
0,0,0,0,180042
0,0,0,0,180043
0,0,0,0,180044
0,0,0,0,180045
0,0,0,0,180046
0,0,0,0,180047
0,0,0,0,180048
0,0,0,0,180049
0,0,0,0,180050
0,0,0,0,180051
0,0,0,0,180052
0,0,0,0,180053
0,0,0,0,180054
0,0,0,0,180055
0,0,0,0,180056
0,0,0,0,180057
0,0,0,0,180058
0,0,0,0,180059
0,0,0,0,180060
0,0,0,0,180061
0,0,0,0,180062
0,0,0,0,180063
0,0,0,0,180064
0,0,0,0,180065
0,0,0,0,180066
0,0,0,0,180067
0,0,0,0,180068
0,0,0,0,180069
0,0,0,0,180070
0,0,0,0,180071
0,0,0,0,180072
0,0,0,0,180073
0,0,0,0,180074
0,0,0,0,180075
0,0,0,0,180076
0,0,0,0,180077
0,0,0,0,180078
0,0,0,0,180079
0,0,0,0,180080
0,0,0,0,180081
0,0,0,0,180082
0,0,0,0,180083
0,0,0,0,180084
0,0,0,0,180085
0,0,0,0,180086
0,0,0,0,180087
0,0,0,0,180088
0,0,0,0,180089
0,0,0,0,180090
0,0,0,0,180091
0,0,0,0,180092
0,0,0,0,180093
0,0,0,0,180094
0,0,0,0,180095
0,0,0,0,180096
0,0,0,0,180097
0,0,0,0,180098
0,0,0,0,180099
0,0,0,0,180100
0,0,0,0,180101
0,0,0,0,180102
0,0,0,0,180103
0,0,0,0,180104
0,0,0,0,180105
0,0,0,0,180106
0,0,0,0,180107
0,0,0,0,180108
0,0,0,0,180109
0,0,0,0,180110
0,0,0,0,180111
0,0,0,0,180112
0,0,0,0,180113
0,0,0,0,180114
0,0,0,0,180115
0,0,0,0,180116
0,0,0,0,180117
0,0,0,0,180118
0,0,0,0,180119
0,0,0,0,180120
0,0,0,0,180121
0,0,0,0,180122
0,0,0,0,180123
0,0,0,0,180124
0,0,0,0,180125
0,0,0,0,180126
0,0,0,0,180127
0,0,0,0,180128
0,0,0,0,180129
0,0,0,0,180130
0,0,0,0,180131
0,0,0,0,180132
0,0,0,0,180133
0,0,0,0,180134
0,0,0,0,180135
0,0,0,0,180136
0,0,0,0,180137
0,0,0,0,180138
0,0,0,0,180139
0,0,0,0,180140
0,0,0,0,180141
0,0,0,0,180142
0,0,0,0,180143
0,0,0,0,180144
0,0,0,0,180145
0,0,0,0,180146
0,0,0,0,180147
0,0,0,0,180148
0,0,0,0,180149
0,0,0,0,180150
0,0,0,0,180151
0,0,0,0,180152
0,0,0,0,180153
0,0,0,0,180154
0,0,0,0,180155
0,0,0,0,180156
0,0,0,0,180157
0,0,0,0,180158
0,0,0,0,180159
0,0,0,0,180160
0,0,0,0,180161
0,0,0,0,180162
0,0,0,0,180163
0,0,0,0,180164
0,0,0,0,180165
0,0,0,0,180166
0,0,0,0,180167
0,0,0,0,180168
0,0,0,0,180169
0,0,0,0,180170
0,0,0,0,180171
0,0,0,0,180172
0,0,0,0,180173
0,0,0,0,180174
0,0,0,0,180175
0,0,0,0,180176
0,0,0,0,180177
0,0,0,0,180178
0,0,0,0,180179
0,0,0,0,180180
0,0,0,0,180181
0,0,0,0,180182
0,0,0,0,180183
0,0,0,0,180184
0,0,0,0,180185
0,0,0,0,180186
0,0,0,0,180187
0,0,0,0,180188
0,0,0,0,180189
0,0,0,0,180190
0,0,0,0,180191
0,0,0,0,180192
0,0,0,0,180193
0,0,0,0,180194
0,0,0,0,180195
0,0,0,0,180196
0,0,0,0,180197
0,0,0,0,180198
0,0,0,0,180199
0,0,0,0,180200
0,0,0,0,180201
0,0,0,0,180202
0,0,0,0,180203
0,0,0,0,180204
0,0,0,0,180205
0,0,0,0,180206
0,0,0,0,180207
0,0,0,0,180208
0,0,0,0,180209
0,0,0,0,180210
0,0,0,0,180211
0,0,0,0,180212
0,0,0,0,180213
0,0,0,0,180214
0,0,0,0,180215
0,0,0,0,180216
0,0,0,0,180217
0,0,0,0,180218
0,0,0,0,180219
0,0,0,0,180220
0,0,0,0,180221
0,0,0,0,180222
0,0,0,0,180223
0,0,0,0,180224
0,0,0,0,180225
0,0,0,0,180226
0,0,0,0,180227
0,0,0,0,180228
0,0,0,0,180229
0,0,0,0,180230
0,0,0,0,180231
0,0,0,0,180232
0,0,0,0,180233
0,0,0,0,180234
0,0,0,0,180235
0,0,0,0,180236
0,0,0,0,180237
0,0,0,0,180238
0,0,0,0,180239
0,0,0,0,180240
0,0,0,0,180241
0,0,0,0,180242
0,0,0,0,180243
0,0,0,0,180244
0,0,0,0,180245
0,0,0,0,180246
0,0,0,0,180247
0,0,0,0,180248
0,0,0,0,180249
0,0,0,0,180250
0,0,0,0,180251
0,0,0,0,180252
0,0,0,0,180253
0,0,0,0,180254
0,0,0,0,180255
0,0,0,0,180256
0,0,0,0,180257
0,0,0,0,180258
0,0,0,0,180259
0,0,0,0,180260
0,0,0,0,180261
0,0,0,0,180262
0,0,0,0,180263
0,0,0,0,180264
0,0,0,0,180265
0,0,0,0,180266
0,0,0,0,180267
0,0,0,0,180268
0,0,0,0,180269
0,0,0,0,180270
0,0,0,0,180271
0,0,0,0,180272
0,0,0,0,180273
0,0,0,0,180274
0,0,0,0,180275
0,0,0,0,180276
0,0,0,0,180277
0,0,0,0,180278
0,0,0,0,180279
0,0,0,0,180280
0,0,0,0,180281
0,0,0,0,180282
0,0,0,0,180283
0,0,0,0,180284
0,0,0,0,180285
0,0,0,0,180286
0,0,0,0,180287
0,0,0,0,180288
0,0,0,0,180289
0,0,0,0,180290
0,0,0,0,180291
0,0,0,0,180292
0,0,0,0,180293
0,0,0,0,180294
0,0,0,0,180295
0,0,0,0,180296
0,0,0,0,180297
0,0,0,0,180298
0,0,0,0,180299
0,0,0,0,180300
0,0,0,0,180301
0,0,0,0,180302
0,0,0,0,180303
0,0,0,0,180304
0,0,0,0,180305
0,0,0,0,180306
0,0,0,0,180307
0,0,0,0,180308
0,0,0,0,180309
0,0,0,0,180310
0,0,0,0,180311
0,0,0,0,180312
0,0,0,0,180313
0,0,0,0,180314
0,0,0,0,180315
0,0,0,0,180316
0,0,0,0,180317
0,0,0,0,180318
0,0,0,0,180319
0,0,0,0,180320
0,0,0,0,180321
0,0,0,0,180322
0,0,0,0,180323
0,0,0,0,180324
0,0,0,0,180325
0,0,0,0,180326
0,0,0,0,180327
0,0,0,0,180328
0,0,0,0,180329
0,0,0,0,180330
0,0,0,0,180331
0,0,0,0,180332
0,0,0,0,180333
0,0,0,0,180334
0,0,0,0,180335
0,0,0,0,180336
0,0,0,0,180337
0,0,0,0,180338
0,0,0,0,180339
0,0,0,0,180340
0,0,0,0,180341
0,0,0,0,180342
0,0,0,0,180343
0,0,0,0,180344
0,0,0,0,180345
0,0,0,0,180346
0,0,0,0,180347
0,0,0,0,180348
0,0,0,0,180349
0,0,0,0,180350
0,0,0,0,180351
0,0,0,0,180352
0,0,0,0,180353
0,0,0,0,180354
0,0,0,0,180355
0,0,0,0,180356
0,0,0,0,180357
0,0,0,0,180358
0,0,0,0,180359
0,0,0,0,180360
0,0,0,0,180361
0,0,0,0,180362
0,0,0,0,180363
0,0,0,0,180364
0,0,0,0,180365
0,0,0,0,180366
0,0,0,0,180367
0,0,0,0,180368
0,0,0,0,180369
0,0,0,0,180370
0,0,0,0,180371
0,0,0,0,180372
0,0,0,0,180373
0,0,0,0,180374
0,0,0,0,180375
0,0,0,0,180376
0,0,0,0,180377
0,0,0,0,180378
0,0,0,0,180379
0,0,0,0,180380
0,0,0,0,180381
0,0,0,0,180382
0,0,0,0,180383
0,0,0,0,180384
0,0,0,0,180385
0,0,0,0,180386
0,0,0,0,180387
0,0,0,0,180388
0,0,0,0,180389
0,0,0,0,180390
0,0,0,0,180391
0,0,0,0,180392
0,0,0,0,180393
0,0,0,0,180394
0,0,0,0,180395
0,0,0,0,180396
0,0,0,0,180397
0,0,0,0,180398
0,0,0,0,180399
0,0,0,0,180400
0,0,0,0,180401
0,0,0,0,180402
0,0,0,0,180403
0,0,0,0,180404
0,0,0,0,180405
0,0,0,0,180406
0,0,0,0,180407
0,0,0,0,180408
0,0,0,0,180409
0,0,0,0,180410
0,0,0,0,180411
0,0,0,0,180412
0,0,0,0,180413
0,0,0,0,180414
0,0,0,0,180415
0,0,0,0,180416
0,0,0,0,180417
0,0,0,0,180418
0,0,0,0,180419
0,0,0,0,180420
0,0,0,0,180421
0,0,0,0,180422
0,0,0,0,180423
0,0,0,0,180424
0,0,0,0,180425
0,0,0,0,180426
0,0,0,0,180427
0,0,0,0,180428
0,0,0,0,180429
0,0,0,0,180430
0,0,0,0,180431
0,0,0,0,180432
0,0,0,0,180433
0,0,0,0,180434
0,0,0,0,180435
0,0,0,0,180436
0,0,0,0,180437
0,0,0,0,180438
0,0,0,0,180439
0,0,0,0,180440
0,0,0,0,180441
0,0,0,0,180442
0,0,0,0,180443
0,0,0,0,180444
0,0,0,0,180445
0,0,0,0,180446
0,0,0,0,180447
0,0,0,0,180448
0,0,0,0,180449
0,0,0,0,180450
0,0,0,0,180451
0,0,0,0,180452
0,0,0,0,180453
0,0,0,0,180454
0,0,0,0,180455
0,0,0,0,180456
0,0,0,0,180457
0,0,0,0,180458
0,0,0,0,180459
0,0,0,0,180460
0,0,0,0,180461
0,0,0,0,180462
0,0,0,0,180463
0,0,0,0,180464
0,0,0,0,180465
0,0,0,0,180466
0,0,0,0,180467
0,0,0,0,180468
0,0,0,0,180469
0,0,0,0,180470
0,0,0,0,180471
0,0,0,0,180472
0,0,0,0,180473
0,0,0,0,180474
0,0,0,0,180475
0,0,0,0,180476
0,0,0,0,180477
0,0,0,0,180478
0,0,0,0,180479
0,0,0,0,180480
0,0,0,0,180481
0,0,0,0,180482
0,0,0,0,180483
0,0,0,0,180484
0,0,0,0,180485
0,0,0,0,180486
0,0,0,0,180487
0,0,0,0,180488
0,0,0,0,180489
0,0,0,0,180490
0,0,0,0,180491
0,0,0,0,180492
0,0,0,0,180493
0,0,0,0,180494
0,0,0,0,180495
0,0,0,0,180496
0,0,0,0,180497
0,0,0,0,180498
0,0,0,0,180499
0,0,0,0,180500
0,0,0,0,180501
0,0,0,0,180502
0,0,0,0,180503
0,0,0,0,180504
0,0,0,0,180505
0,0,0,0,180506
0,0,0,0,180507
0,0,0,0,180508
0,0,0,0,180509
0,0,0,0,180510
0,0,0,0,180511
0,0,0,0,180512
0,0,0,0,180513
0,0,0,0,180514
0,0,0,0,180515
0,0,0,0,180516
0,0,0,0,180517
0,0,0,0,180518
0,0,0,0,180519
0,0,0,0,180520
0,0,0,0,180521
0,0,0,0,180522
0,0,0,0,180523
0,0,0,0,180524
0,0,0,0,180525
0,0,0,0,180526
0,0,0,0,180527
0,0,0,0,180528
0,0,0,0,180529
0,0,0,0,180530
0,0,0,0,180531
0,0,0,0,180532
0,0,0,0,180533
0,0,0,0,180534
0,0,0,0,180535
0,0,0,0,180536
0,0,0,0,180537
0,0,0,0,180538
0,0,0,0,180539
0,0,0,0,180540
0,0,0,0,180541
0,0,0,0,180542
0,0,0,0,180543
0,0,0,0,180544
0,0,0,0,180545
0,0,0,0,180546
0,0,0,0,180547
0,0,0,0,180548
0,0,0,0,180549
0,0,0,0,180550
0,0,0,0,180551
0,0,0,0,180552
0,0,0,0,180553
0,0,0,0,180554
0,0,0,0,180555
0,0,0,0,180556
0,0,0,0,180557
0,0,0,0,180558
0,0,0,0,180559
0,0,0,0,180560
0,0,0,0,180561
0,0,0,0,180562
0,0,0,0,180563
0,0,0,0,180564
0,0,0,0,180565
0,0,0,0,180566
0,0,0,0,180567
0,0,0,0,180568
0,0,0,0,180569
0,0,0,0,180570
0,0,0,0,180571
0,0,0,0,180572
0,0,0,0,180573
0,0,0,0,180574
0,0,0,0,180575
0,0,0,0,180576
0,0,0,0,180577
0,0,0,0,180578
0,0,0,0,180579
0,0,0,0,180580
0,0,0,0,180581
0,0,0,0,180582
0,0,0,0,180583
0,0,0,0,180584
0,0,0,0,180585
0,0,0,0,180586
0,0,0,0,180587
0,0,0,0,180588
0,0,0,0,180589
0,0,0,0,180590
0,0,0,0,180591
0,0,0,0,180592
0,0,0,0,180593
0,0,0,0,180594
0,0,0,0,180595
0,0,0,0,180596
0,0,0,0,180597
0,0,0,0,180598
0,0,0,0,180599
0,0,0,0,180600
0,0,0,0,180601
0,0,0,0,180602
0,0,0,0,180603
0,0,0,0,180604
0,0,0,0,180605
0,0,0,0,180606
0,0,0,0,180607
0,0,0,0,180608
0,0,0,0,180609
0,0,0,0,180610
0,0,0,0,180611
0,0,0,0,180612
0,0,0,0,180613
0,0,0,0,180614
0,0,0,0,180615
0,0,0,0,180616
0,0,0,0,180617
0,0,0,0,180618
0,0,0,0,180619
0,0,0,0,180620
0,0,0,0,180621
0,0,0,0,180622
0,0,0,0,180623
0,0,0,0,180624
0,0,0,0,180625
0,0,0,0,180626
0,0,0,0,180627
0,0,0,0,180628
0,0,0,0,180629
0,0,0,0,180630
0,0,0,0,180631
0,0,0,0,180632
0,0,0,0,180633
0,0,0,0,180634
0,0,0,0,180635
0,0,0,0,180636
0,0,0,0,180637
0,0,0,0,180638
0,0,0,0,180639
0,0,0,0,180640
0,0,0,0,180641
0,0,0,0,180642
0,0,0,0,180643
0,0,0,0,180644
0,0,0,0,180645
0,0,0,0,180646
0,0,0,0,180647
0,0,0,0,180648
0,0,0,0,180649
0,0,0,0,180650
0,0,0,0,180651
0,0,0,0,180652
0,0,0,0,180653
0,0,0,0,180654
0,0,0,0,180655
0,0,0,0,180656
0,0,0,0,180657
0,0,0,0,180658
0,0,0,0,180659
0,0,0,0,180660
0,0,0,0,180661
0,0,0,0,180662
0,0,0,0,180663
0,0,0,0,180664
0,0,0,0,180665
0,0,0,0,180666
0,0,0,0,180667
0,0,0,0,180668
0,0,0,0,180669
0,0,0,0,180670
0,0,0,0,180671
0,0,0,0,180672
0,0,0,0,180673
0,0,0,0,180674
0,0,0,0,180675
0,0,0,0,180676
0,0,0,0,180677
0,0,0,0,180678
0,0,0,0,180679
0,0,0,0,180680
0,0,0,0,180681
0,0,0,0,180682
0,0,0,0,180683
0,0,0,0,180684
0,0,0,0,180685
0,0,0,0,180686
0,0,0,0,180687
0,0,0,0,180688
0,0,0,0,180689
0,0,0,0,180690
0,0,0,0,180691
0,0,0,0,180692
0,0,0,0,180693
0,0,0,0,180694
0,0,0,0,180695
0,0,0,0,180696
0,0,0,0,180697
0,0,0,0,180698
0,0,0,0,180699
0,0,0,0,180700
0,0,0,0,180701
0,0,0,0,180702
0,0,0,0,180703
0,0,0,0,180704
0,0,0,0,180705
0,0,0,0,180706
0,0,0,0,180707
0,0,0,0,180708
0,0,0,0,180709
0,0,0,0,180710
0,0,0,0,180711
0,0,0,0,180712
0,0,0,0,180713
0,0,0,0,180714
0,0,0,0,180715
0,0,0,0,180716
0,0,0,0,180717
0,0,0,0,180718
0,0,0,0,180719
0,0,0,0,180720
0,0,0,0,180721
0,0,0,0,180722
0,0,0,0,180723
0,0,0,0,180724
0,0,0,0,180725
0,0,0,0,180726
0,0,0,0,180727
0,0,0,0,180728
0,0,0,0,180729
0,0,0,0,180730
0,0,0,0,180731
0,0,0,0,180732
0,0,0,0,180733
0,0,0,0,180734
0,0,0,0,180735
0,0,0,0,180736
0,0,0,0,180737
0,0,0,0,180738
0,0,0,0,180739
0,0,0,0,180740
0,0,0,0,180741
0,0,0,0,180742
0,0,0,0,180743
0,0,0,0,180744
0,0,0,0,180745
0,0,0,0,180746
0,0,0,0,180747
0,0,0,0,180748
0,0,0,0,180749
0,0,0,0,180750
0,0,0,0,180751
0,0,0,0,180752
0,0,0,0,180753
0,0,0,0,180754
0,0,0,0,180755
0,0,0,0,180756
0,0,0,0,180757
0,0,0,0,180758
0,0,0,0,180759
0,0,0,0,180760
0,0,0,0,180761
0,0,0,0,180762
0,0,0,0,180763
0,0,0,0,180764
0,0,0,0,180765
0,0,0,0,180766
0,0,0,0,180767
0,0,0,0,180768
0,0,0,0,180769
0,0,0,0,180770
0,0,0,0,180771
0,0,0,0,180772
0,0,0,0,180773
0,0,0,0,180774
0,0,0,0,180775
0,0,0,0,180776
0,0,0,0,180777
0,0,0,0,180778
0,0,0,0,180779
0,0,0,0,180780
0,0,0,0,180781
0,0,0,0,180782
0,0,0,0,180783
0,0,0,0,180784
0,0,0,0,180785
0,0,0,0,180786
0,0,0,0,180787
0,0,0,0,180788
0,0,0,0,180789
0,0,0,0,180790
0,0,0,0,180791
0,0,0,0,180792
0,0,0,0,180793
0,0,0,0,180794
0,0,0,0,180795
0,0,0,0,180796
0,0,0,0,180797
0,0,0,0,180798
0,0,0,0,180799
0,0,0,0,180800
0,0,0,0,180801
0,0,0,0,180802
0,0,0,0,180803
0,0,0,0,180804
0,0,0,0,180805
0,0,0,0,180806
0,0,0,0,180807
0,0,0,0,180808
0,0,0,0,180809
0,0,0,0,180810
0,0,0,0,180811
0,0,0,0,180812
0,0,0,0,180813
0,0,0,0,180814
0,0,0,0,180815
0,0,0,0,180816
0,0,0,0,180817
0,0,0,0,180818
0,0,0,0,180819
0,0,0,0,180820
0,0,0,0,180821
0,0,0,0,180822
0,0,0,0,180823
0,0,0,0,180824
0,0,0,0,180825
0,0,0,0,180826
0,0,0,0,180827
0,0,0,0,180828
0,0,0,0,180829
0,0,0,0,180830
0,0,0,0,180831
0,0,0,0,180832
0,0,0,0,180833
0,0,0,0,180834
0,0,0,0,180835
0,0,0,0,180836
0,0,0,0,180837
0,0,0,0,180838
0,0,0,0,180839
0,0,0,0,180840
0,0,0,0,180841
0,0,0,0,180842
0,0,0,0,180843
0,0,0,0,180844
0,0,0,0,180845
0,0,0,0,180846
0,0,0,0,180847
0,0,0,0,180848
0,0,0,0,180853
0,0,0,0,180854
0,0,0,0,180856
0,0,0,0,180870
0,0,0,0,180871
0,0,0,0,180872
0,0,0,0,180873
0,0,0,0,180874
0,0,0,0,180875
0,0,0,0,180876
0,0,0,0,180877
0,0,0,0,180878
0,0,0,0,180879
0,0,0,0,180880
0,0,0,0,180881
0,0,0,0,180882
0,0,0,0,180883
0,0,0,0,180884
0,0,0,0,180885
0,0,0,0,180886
0,0,0,0,180887
0,0,0,0,180888
0,0,0,0,180889
0,0,0,0,180890
0,0,0,0,180891
0,0,0,0,180892
0,0,0,0,180893
0,0,0,0,180894
0,0,0,0,180895
0,0,0,0,180896
0,0,0,0,180897
0,0,0,0,180898
0,0,0,0,180899
0,0,0,0,180900
0,0,0,0,180901
0,0,0,0,180902
0,0,0,0,180903
0,0,0,0,180904
0,0,0,0,180905
0,0,0,0,180906
0,0,0,0,180907
0,0,0,0,180908
0,0,0,0,180909
0,0,0,0,180910
0,0,0,0,180911
0,0,0,0,180912
0,0,0,0,180913
0,0,0,0,180914
0,0,0,0,180915
0,0,0,0,180916
0,0,0,0,180917
0,0,0,0,180918
0,0,0,0,180919
0,0,0,0,180920
0,0,0,0,180921
0,0,0,0,180922
0,0,0,0,180923
0,0,0,0,180924
0,0,0,0,180925
0,0,0,0,180926
0,0,0,0,180927
0,0,0,0,180928
0,0,0,0,180929
0,0,0,0,180930
0,0,0,0,180931
0,0,0,0,180932
0,0,0,0,180933
0,0,0,0,180934
0,0,0,0,180935
0,0,0,0,180936
0,0,0,0,180937
0,0,0,0,180938
0,0,0,0,180939
0,0,0,0,180940
0,0,0,0,180941
0,0,0,0,180942
0,0,0,0,180943
0,0,0,0,180944
0,0,0,0,180945
0,0,0,0,180946
0,0,0,0,180947
0,0,0,0,180948
0,0,0,0,180949
0,0,0,0,180950
0,0,0,0,180951
0,0,0,0,180952
0,0,0,0,180953
0,0,0,0,180954
0,0,0,0,180955
0,0,0,0,180956
0,0,0,0,180957
0,0,0,0,180958
0,0,0,0,180959
0,0,0,0,180960
0,0,0,0,180961
0,0,0,0,180962
0,0,0,0,180963
0,0,0,0,180964
0,0,0,0,180965
0,0,0,0,180966
0,0,0,0,180967
0,0,0,0,180968
0,0,0,0,180969
0,0,0,0,180970
0,0,0,0,180971
0,0,0,0,180972
0,0,0,0,180973
0,0,0,0,180974
0,0,0,0,180975
0,0,0,0,180976
0,0,0,0,180977
0,0,0,0,180978
0,0,0,0,180979
0,0,0,0,180980
0,0,0,0,180981
0,0,0,0,180982
0,0,0,0,180983
0,0,0,0,180984
0,0,0,0,180985
0,0,0,0,180986
0,0,0,0,180987
0,0,0,0,180988
0,0,0,0,180989
0,0,0,0,180990
0,0,0,0,180991
0,0,0,0,180992
0,0,0,0,180993
0,0,0,0,180994
0,0,0,0,180995
0,0,0,0,180996
0,0,0,0,180997
0,0,0,0,180998
0,0,0,0,180999
0,0,0,0,181000
0,0,0,0,181001
0,0,0,0,181002
0,0,0,0,181003
0,0,0,0,181004
0,0,0,0,181005
0,0,0,0,181006
0,0,0,0,181007
0,0,0,0,181008
0,0,0,0,181009
0,0,0,0,181010
0,0,0,0,181011
0,0,0,0,181012
0,0,0,0,181013
0,0,0,0,181014
0,0,0,0,181015
0,0,0,0,181016
0,0,0,0,181017
0,0,0,0,181018
0,0,0,0,181019
0,0,0,0,181020
0,0,0,0,181021
0,0,0,0,181022
0,0,0,0,181023
0,0,0,0,181024
0,0,0,0,181025
0,0,0,0,181026
0,0,0,0,181027
0,0,0,0,181028
0,0,0,0,181029
0,0,0,0,181030
0,0,0,0,181031
0,0,0,0,181032
0,0,0,0,181033
0,0,0,0,181034
0,0,0,0,181035
0,0,0,0,181036
0,0,0,0,181037
0,0,0,0,181038
0,0,0,0,181039
0,0,0,0,181040
0,0,0,0,181041
0,0,0,0,181042
0,0,0,0,181043
0,0,0,0,181044
0,0,0,0,181045
0,0,0,0,181046
0,0,0,0,181047
0,0,0,0,181048
0,0,0,0,181049
0,0,0,0,181050
0,0,0,0,181051
0,0,0,0,181052
0,0,0,0,181053
0,0,0,0,181054
0,0,0,0,181055
0,0,0,0,181056
0,0,0,0,181057
0,0,0,0,181058
0,0,0,0,181059
0,0,0,0,181060
0,0,0,0,181061
0,0,0,0,181062
0,0,0,0,181063
0,0,0,0,181064
0,0,0,0,181065
0,0,0,0,181066
0,0,0,0,181067
0,0,0,0,181068
0,0,0,0,181069
0,0,0,0,181070
0,0,0,0,181071
0,0,0,0,181072
0,0,0,0,181073
0,0,0,0,181074
0,0,0,0,181075
0,0,0,0,181076
0,0,0,0,181077
0,0,0,0,181078
0,0,0,0,181079
0,0,0,0,181080
0,0,0,0,181081
0,0,0,0,181082
0,0,0,0,181083
0,0,0,0,181084
0,0,0,0,181085
0,0,0,0,181086
0,0,0,0,181087
0,0,0,0,181088
0,0,0,0,181089
0,0,0,0,181090
0,0,0,0,181091
0,0,0,0,181092
0,0,0,0,181093
0,0,0,0,181094
0,0,0,0,181095
0,0,0,0,181096
0,0,0,0,181097
0,0,0,0,181098
0,0,0,0,181099
0,0,0,0,181100
0,0,0,0,181101
0,0,0,0,181102
0,0,0,0,181103
0,0,0,0,181104
0,0,0,0,181105
0,0,0,0,181106
0,0,0,0,181107
0,0,0,0,181108
0,0,0,0,181109
0,0,0,0,181110
0,0,0,0,181111
0,0,0,0,181112
0,0,0,0,181113
0,0,0,0,181114
0,0,0,0,181115
0,0,0,0,181116
0,0,0,0,181117
0,0,0,0,181118
0,0,0,0,181119
0,0,0,0,181120
0,0,0,0,181121
0,0,0,0,181122
0,0,0,0,181123
0,0,0,0,181124
0,0,0,0,181125
0,0,0,0,181126
0,0,0,0,181127
0,0,0,0,181128
0,0,0,0,181129
0,0,0,0,181130
0,0,0,0,181131
0,0,0,0,181132
0,0,0,0,181133
0,0,0,0,181134
0,0,0,0,181135
0,0,0,0,181136
0,0,0,0,181137
0,0,0,0,181138
0,0,0,0,181139
0,0,0,0,181140
0,0,0,0,181141
0,0,0,0,181142
0,0,0,0,181143
0,0,0,0,181144
0,0,0,0,181145
0,0,0,0,181146
0,0,0,0,181147
0,0,0,0,181148
0,0,0,0,181149
0,0,0,0,181150
0,0,0,0,181151
0,0,0,0,181152
0,0,0,0,181153
0,0,0,0,181154
0,0,0,0,181155
0,0,0,0,181156
0,0,0,0,181157
0,0,0,0,181158
0,0,0,0,181159
0,0,0,0,181160
0,0,0,0,181161
0,0,0,0,181162
0,0,0,0,181163
0,0,0,0,181164
0,0,0,0,181165
0,0,0,0,181166
0,0,0,0,181167
0,0,0,0,181168
0,0,0,0,181169
0,0,0,0,181170
0,0,0,0,181171
0,0,0,0,181172
0,0,0,0,181173
0,0,0,0,181174
0,0,0,0,181175
0,0,0,0,181176
0,0,0,0,181177
0,0,0,0,181178
0,0,0,0,181179
0,0,0,0,181180
0,0,0,0,181181
0,0,0,0,181182
0,0,0,0,181183
0,0,0,0,181184
0,0,0,0,181185
0,0,0,0,181186
0,0,0,0,181187
0,0,0,0,181188
0,0,0,0,181189
0,0,0,0,181190
0,0,0,0,181191
0,0,0,0,181192
0,0,0,0,181193
0,0,0,0,181194
0,0,0,0,181195
0,0,0,0,181196
0,0,0,0,181197
0,0,0,0,181198
0,0,0,0,181199
0,0,0,0,181200
0,0,0,0,181201
0,0,0,0,181202
0,0,0,0,181203
0,0,0,0,181204
0,0,0,0,181205
0,0,0,0,181206
0,0,0,0,181207
0,0,0,0,181208
0,0,0,0,181209
0,0,0,0,181210
0,0,0,0,181211
0,0,0,0,181212
0,0,0,0,181213
0,0,0,0,181214
0,0,0,0,181215
0,0,0,0,181216
0,0,0,0,181217
0,0,0,0,181218
0,0,0,0,181219
0,0,0,0,181220
0,0,0,0,181221
0,0,0,0,181222
0,0,0,0,181223
0,0,0,0,181224
0,0,0,0,181225
0,0,0,0,181226
0,0,0,0,181227
0,0,0,0,181228
0,0,0,0,181229
0,0,0,0,181230
0,0,0,0,181231
0,0,0,0,181232
0,0,0,0,181233
0,0,0,0,181234
0,0,0,0,181235
0,0,0,0,181236
0,0,0,0,181237
0,0,0,0,181238
0,0,0,0,181239
0,0,0,0,181240
0,0,0,0,181241
0,0,0,0,181242
0,0,0,0,181243
0,0,0,0,181244
0,0,0,0,181245
0,0,0,0,181246
0,0,0,0,181247
0,0,0,0,181248
0,0,0,0,181249
0,0,0,0,181250
0,0,0,0,181251
0,0,0,0,181252
0,0,0,0,181253
0,0,0,0,181254
0,0,0,0,181255
0,0,0,0,181256
0,0,0,0,181257
0,0,0,0,181258
0,0,0,0,181259
0,0,0,0,181260
0,0,0,0,181261
0,0,0,0,181262
0,0,0,0,181263
0,0,0,0,181264
0,0,0,0,181265
0,0,0,0,181266
0,0,0,0,181267
0,0,0,0,181268
0,0,0,0,181269
0,0,0,0,181270
0,0,0,0,181271
0,0,0,0,181272
0,0,0,0,181273
0,0,0,0,181274
0,0,0,0,181275
0,0,0,0,181276
0,0,0,0,181277
0,0,0,0,181278
0,0,0,0,181279
0,0,0,0,181280
0,0,0,0,181281
0,0,0,0,181282
0,0,0,0,181283
0,0,0,0,181284
0,0,0,0,181285
0,0,0,0,181286
0,0,0,0,181287
0,0,0,0,181288
0,0,0,0,181289
0,0,0,0,181290
0,0,0,0,181291
0,0,0,0,181292
0,0,0,0,181293
0,0,0,0,181294
0,0,0,0,181295
0,0,0,0,181296
0,0,0,0,181297
0,0,0,0,181298
0,0,0,0,181299
0,0,0,0,181300
0,0,0,0,181301
0,0,0,0,181302
0,0,0,0,181303
0,0,0,0,181304
0,0,0,0,181305
0,0,0,0,181306
0,0,0,0,181307
0,0,0,0,181308
0,0,0,0,181309
0,0,0,0,181310
0,0,0,0,181311
0,0,0,0,181312
0,0,0,0,181313
0,0,0,0,181314
0,0,0,0,181315
0,0,0,0,181316
0,0,0,0,181317
0,0,0,0,181318
0,0,0,0,181319
0,0,0,0,181320
0,0,0,0,181321
0,0,0,0,181322
0,0,0,0,181323
0,0,0,0,181324
0,0,0,0,181325
0,0,0,0,181326
0,0,0,0,181327
0,0,0,0,181328
0,0,0,0,181329
0,0,0,0,181330
0,0,0,0,181331
0,0,0,0,181332
0,0,0,0,181333
0,0,0,0,181334
0,0,0,0,181335
0,0,0,0,181336
0,0,0,0,181337
0,0,0,0,181338
0,0,0,0,181339
0,0,0,0,181340
0,0,0,0,181341
0,0,0,0,181342
0,0,0,0,181343
0,0,0,0,181344
0,0,0,0,181345
0,0,0,0,181346
0,0,0,0,181347
0,0,0,0,181348
0,0,0,0,181349
0,0,0,0,181350
0,0,0,0,181351
0,0,0,0,181352
0,0,0,0,181353
0,0,0,0,181354
0,0,0,0,181355
0,0,0,0,181356
0,0,0,0,181357
0,0,0,0,181358
0,0,0,0,181359
0,0,0,0,181360
0,0,0,0,181361
0,0,0,0,181362
0,0,0,0,181363
0,0,0,0,181364
0,0,0,0,181365
0,0,0,0,181366
0,0,0,0,181367
0,0,0,0,181368
0,0,0,0,181369
0,0,0,0,181370
0,0,0,0,181371
0,0,0,0,181372
0,0,0,0,181373
0,0,0,0,181374
0,0,0,0,181375
0,0,0,0,181376
0,0,0,0,181377
0,0,0,0,181378
0,0,0,0,181379
0,0,0,0,181380
0,0,0,0,181381
0,0,0,0,181382
0,0,0,0,181383
0,0,0,0,181384
0,0,0,0,181385
0,0,0,0,181386
0,0,0,0,181387
0,0,0,0,181388
0,0,0,0,181389
0,0,0,0,181390
0,0,0,0,181391
0,0,0,0,181392
0,0,0,0,181393
0,0,0,0,181394
0,0,0,0,181395
0,0,0,0,181396
0,0,0,0,181397
0,0,0,0,181398
0,0,0,0,181399
0,0,0,0,181400
0,0,0,0,181401
0,0,0,0,181402
0,0,0,0,181403
0,0,0,0,181404
0,0,0,0,181405
0,0,0,0,181406
0,0,0,0,181407
0,0,0,0,181408
0,0,0,0,181409
0,0,0,0,181410
0,0,0,0,181411
0,0,0,0,181412
0,0,0,0,181413
0,0,0,0,181414
0,0,0,0,181415
0,0,0,0,181416
0,0,0,0,181417
0,0,0,0,181418
0,0,0,0,181419
0,0,0,0,181420
0,0,0,0,181421
0,0,0,0,181422
0,0,0,0,181423
0,0,0,0,181424
0,0,0,0,181425
0,0,0,0,181426
0,0,0,0,181427
0,0,0,0,181428
0,0,0,0,181429
0,0,0,0,181430
0,0,0,0,181431
0,0,0,0,181432
0,0,0,0,181433
0,0,0,0,181434
0,0,0,0,181435
0,0,0,0,181436
0,0,0,0,181437
0,0,0,0,181438
0,0,0,0,181439
0,0,0,0,181440
0,0,0,0,181441
0,0,0,0,181442
0,0,0,0,181443
0,0,0,0,181444
0,0,0,0,181445
0,0,0,0,181446
0,0,0,0,181447
0,0,0,0,181448
0,0,0,0,181449
0,0,0,0,181450
0,0,0,0,181451
0,0,0,0,181452
0,0,0,0,181453
0,0,0,0,181454
0,0,0,0,181455
0,0,0,0,181456
0,0,0,0,181457
0,0,0,0,181458
0,0,0,0,181459
0,0,0,0,181460
0,0,0,0,181461
0,0,0,0,181462
0,0,0,0,181463
0,0,0,0,181464
0,0,0,0,181465
0,0,0,0,181466
0,0,0,0,181467
0,0,0,0,181468
0,0,0,0,210000
0,0,0,0,210001
0,0,0,0,210002
0,0,0,0,210003
0,0,0,0,210004
0,0,0,0,210005
0,0,0,0,210006
0,0,0,0,210007
0,0,0,0,210008
0,0,0,0,210009
0,0,0,0,210010
0,0,0,0,210011
0,0,0,0,210012
0,0,0,0,210013
0,0,0,0,210014
0,0,0,0,210015
0,0,0,0,210016
0,0,0,0,210017
0,0,0,0,210018
0,0,0,0,210019
0,0,0,0,210020
0,0,0,0,210021
0,0,0,0,210022
0,0,0,0,210023
0,0,0,0,210024
0,0,0,0,210025
0,0,0,0,210026
0,0,0,0,210027
0,0,0,0,210028
0,0,0,0,210029
0,0,0,0,210030
0,0,0,0,210031
0,0,0,0,210032
0,0,0,0,210033
0,0,0,0,210034
0,0,0,0,210035
0,0,0,0,210036
0,0,0,0,210037
0,0,0,0,210038
0,0,0,0,210039
0,0,0,0,210040
0,0,0,0,210041
0,0,0,0,210042
0,0,0,0,210043
0,0,0,0,210044
0,0,0,0,210045
0,0,0,0,210046
0,0,0,0,210047
0,0,0,0,210048
0,0,0,0,210049
0,0,0,0,210050
0,0,0,0,210051
0,0,0,0,210052
0,0,0,0,210053
0,0,0,0,210054
0,0,0,0,210055
0,0,0,0,210056
0,0,0,0,210057
0,0,0,0,210058
0,0,0,0,210059
0,0,0,0,210060
0,0,0,0,210061
0,0,0,0,210062
0,0,0,0,210063
0,0,0,0,210064
0,0,0,0,210065
0,0,0,0,210066
0,0,0,0,210067
0,0,0,0,210068
0,0,0,0,210069
0,0,0,0,210070
0,0,0,0,210071
0,0,0,0,210072
0,0,0,0,210073
0,0,0,0,210074
0,0,0,0,210075
0,0,0,0,210076
0,0,0,0,210077
0,0,0,0,210078
0,0,0,0,210079
0,0,0,0,210080
0,0,0,0,210081
0,0,0,0,210082
0,0,0,0,210083
0,0,0,0,210084
0,0,0,0,210085
0,0,0,0,210086
0,0,0,0,210087
0,0,0,0,210088
0,0,0,0,210089
0,0,0,0,210090
0,0,0,0,210091
0,0,0,0,210092
0,0,0,0,210093
0,0,0,0,210094
0,0,0,0,210095
0,0,0,0,210096
0,0,0,0,210097
0,0,0,0,210098
0,0,0,0,210099
0,0,0,0,210100
0,0,0,0,210101
0,0,0,0,210102
0,0,0,0,210103
0,0,0,0,210104
0,0,0,0,210105
0,0,0,0,210106
0,0,0,0,210107
0,0,0,0,210108
0,0,0,0,210109
0,0,0,0,210110
0,0,0,0,210111
0,0,0,0,210112
0,0,0,0,210113
0,0,0,0,210114
0,0,0,0,210115
0,0,0,0,210116
0,0,0,0,210117
0,0,0,0,210118
0,0,0,0,210119
0,0,0,0,210120
0,0,0,0,210121
0,0,0,0,210122
0,0,0,0,210123
0,0,0,0,210124
0,0,0,0,210125
0,0,0,0,210126
0,0,0,0,210127
0,0,0,0,210128
0,0,0,0,210129
0,0,0,0,210130
0,0,0,0,210131
0,0,0,0,210132
0,0,0,0,210133
0,0,0,0,210134
0,0,0,0,210135
0,0,0,0,210136
0,0,0,0,210137
0,0,0,0,210138
0,0,0,0,210139
0,0,0,0,210140
0,0,0,0,210141
0,0,0,0,210142
0,0,0,0,210143
0,0,0,0,210144
0,0,0,0,210145
0,0,0,0,210146
0,0,0,0,210147
0,0,0,0,210148
0,0,0,0,210149
0,0,0,0,210150
0,0,0,0,210151
0,0,0,0,210152
0,0,0,0,210153
0,0,0,0,210154
0,0,0,0,210155
0,0,0,0,210156
0,0,0,0,210157
0,0,0,0,210158
0,0,0,0,210159
0,0,0,0,210160
0,0,0,0,210161
0,0,0,0,210162
0,0,0,0,210163
0,0,0,0,210164
0,0,0,0,210165
0,0,0,0,210166
0,0,0,0,210167
0,0,0,0,210168
0,0,0,0,210169
0,0,0,0,210170
0,0,0,0,210171
0,0,0,0,210172
0,0,0,0,210173
0,0,0,0,210174
0,0,0,0,210175
0,0,0,0,210176
0,0,0,0,210177
0,0,0,0,210178
0,0,0,0,210179
0,0,0,0,210180
0,0,0,0,210181
0,0,0,0,210182
0,0,0,0,210183
0,0,0,0,210184
0,0,0,0,210185
0,0,0,0,210186
0,0,0,0,210187
0,0,0,0,210188
0,0,0,0,210189
0,0,0,0,210190
0,0,0,0,210191
0,0,0,0,210192
0,0,0,0,210193
0,0,0,0,210194
0,0,0,0,210195
0,0,0,0,210196
0,0,0,0,210197
0,0,0,0,210198
0,0,0,0,210199
0,0,0,0,210200
0,0,0,0,210201
0,0,0,0,210202
0,0,0,0,210203
0,0,0,0,210204
0,0,0,0,210205
0,0,0,0,210206
0,0,0,0,210207
0,0,0,0,210208
0,0,0,0,210209
0,0,0,0,210210
0,0,0,0,210211
0,0,0,0,210212
0,0,0,0,210213
0,0,0,0,210214
0,0,0,0,210215
0,0,0,0,210216
0,0,0,0,210217
0,0,0,0,210218
0,0,0,0,210219
0,0,0,0,210220
0,0,0,0,210221
0,0,0,0,210222
0,0,0,0,210223
0,0,0,0,210224
0,0,0,0,210225
0,0,0,0,210226
0,0,0,0,210227
0,0,0,0,210228
0,0,0,0,210229
0,0,0,0,210230
0,0,0,0,210231
0,0,0,0,210232
0,0,0,0,210233
0,0,0,0,210234
0,0,0,0,210235
0,0,0,0,210236
0,0,0,0,210237
0,0,0,0,210238
0,0,0,0,210239
0,0,0,0,210240
0,0,0,0,210241
0,0,0,0,210242
0,0,0,0,210243
0,0,0,0,210244
0,0,0,0,210245
0,0,0,0,210246
0,0,0,0,210247
0,0,0,0,210248
0,0,0,0,210249
0,0,0,0,210250
0,0,0,0,210251
0,0,0,0,210252
0,0,0,0,210253
0,0,0,0,210254
0,0,0,0,210255
0,0,0,0,210256
0,0,0,0,210257
0,0,0,0,210258
0,0,0,0,210259
0,0,0,0,210260
0,0,0,0,210261
0,0,0,0,210262
0,0,0,0,210263
0,0,0,0,210264
0,0,0,0,210265
0,0,0,0,210266
0,0,0,0,210267
0,0,0,0,210268
0,0,0,0,210269
0,0,0,0,210270
0,0,0,0,210271
0,0,0,0,210272
0,0,0,0,210273
0,0,0,0,210274
0,0,0,0,210275
0,0,0,0,210276
0,0,0,0,210277
0,0,0,0,210278
0,0,0,0,210279
0,0,0,0,210280
0,0,0,0,210281
0,0,0,0,210282
0,0,0,0,210283
0,0,0,0,210284
0,0,0,0,210285
0,0,0,0,210286
0,0,0,0,210287
0,0,0,0,210288
0,0,0,0,210289
0,0,0,0,210290
0,0,0,0,210291
0,0,0,0,210292
0,0,0,0,210293
0,0,0,0,210294
0,0,0,0,210295
0,0,0,0,210296
0,0,0,0,210297
0,0,0,0,210298
0,0,0,0,210299
0,0,0,0,210300
0,0,0,0,210301
0,0,0,0,210302
0,0,0,0,210303
0,0,0,0,210304
0,0,0,0,210305
0,0,0,0,210306
0,0,0,0,210307
0,0,0,0,210308
0,0,0,0,210309
0,0,0,0,210310
0,0,0,0,210311
0,0,0,0,210312
0,0,0,0,210313
0,0,0,0,210314
0,0,0,0,210315
0,0,0,0,210316
0,0,0,0,210317
0,0,0,0,210318
0,0,0,0,210319
0,0,0,0,210320
0,0,0,0,210321
0,0,0,0,210322
0,0,0,0,210323
0,0,0,0,210324
0,0,0,0,210325
0,0,0,0,210326
0,0,0,0,210327
0,0,0,0,210328
0,0,0,0,210329
0,0,0,0,210330
0,0,0,0,210331
0,0,0,0,210332
0,0,0,0,210333
0,0,0,0,210334
0,0,0,0,210335
0,0,0,0,210336
0,0,0,0,210337
0,0,0,0,210338
0,0,0,0,210339
0,0,0,0,210340
0,0,0,0,210341
0,0,0,0,210342
0,0,0,0,210343
0,0,0,0,210344
0,0,0,0,210345
0,0,0,0,210346
0,0,0,0,210347
0,0,0,0,210348
0,0,0,0,210349
0,0,0,0,210350
0,0,0,0,210351
0,0,0,0,210352
0,0,0,0,210353
0,0,0,0,210354
0,0,0,0,210355
0,0,0,0,210356
0,0,0,0,210357
0,0,0,0,210358
0,0,0,0,210359
0,0,0,0,210360
0,0,0,0,210361
0,0,0,0,210362
0,0,0,0,210363
0,0,0,0,210364
0,0,0,0,210365
0,0,0,0,210366
0,0,0,0,210367
0,0,0,0,210368
0,0,0,0,210369
0,0,0,0,210370
0,0,0,0,210371
0,0,0,0,210372
0,0,0,0,210373
0,0,0,0,210374
0,0,0,0,210375
0,0,0,0,210376
0,0,0,0,210377
0,0,0,0,210378
0,0,0,0,210379
0,0,0,0,210380
0,0,0,0,210381
0,0,0,0,210382
0,0,0,0,210383
0,0,0,0,210384
0,0,0,0,210385
0,0,0,0,210386
0,0,0,0,210387
0,0,0,0,210388
0,0,0,0,210389
0,0,0,0,210390
0,0,0,0,210391
0,0,0,0,210392
0,0,0,0,210393
0,0,0,0,210394
0,0,0,0,210395
0,0,0,0,210396
0,0,0,0,210397
0,0,0,0,210398
0,0,0,0,210399
0,0,0,0,210400
0,0,0,0,210401
0,0,0,0,210402
0,0,0,0,210403
0,0,0,0,210404
0,0,0,0,210405
0,0,0,0,210406
0,0,0,0,210407
0,0,0,0,210408
0,0,0,0,210409
0,0,0,0,210410
0,0,0,0,210411
0,0,0,0,210412
0,0,0,0,210413
0,0,0,0,210414
0,0,0,0,210415
0,0,0,0,210416
0,0,0,0,210417
0,0,0,0,210418
0,0,0,0,210419
0,0,0,0,210420
0,0,0,0,210421
0,0,0,0,210422
0,0,0,0,210423
0,0,0,0,210424
0,0,0,0,210425
0,0,0,0,210426
0,0,0,0,210427
0,0,0,0,210428
0,0,0,0,210429
0,0,0,0,210430
0,0,0,0,210431
0,0,0,0,210432
0,0,0,0,210433
0,0,0,0,210434
0,0,0,0,210435
0,0,0,0,210436
0,0,0,0,210437
0,0,0,0,210438
0,0,0,0,210439
0,0,0,0,210440
0,0,0,0,210441
0,0,0,0,210442
0,0,0,0,210443
0,0,0,0,210444
0,0,0,0,210445
0,0,0,0,210446
0,0,0,0,210447
0,0,0,0,210448
0,0,0,0,210449
0,0,0,0,210450
0,0,0,0,210451
0,0,0,0,210452
0,0,0,0,210453
0,0,0,0,210454
0,0,0,0,210455
0,0,0,0,210456
0,0,0,0,210457
0,0,0,0,210458
0,0,0,0,210459
0,0,0,0,210460
0,0,0,0,210461
0,0,0,0,210462
0,0,0,0,210463
0,0,0,0,210464
0,0,0,0,210465
0,0,0,0,210466
0,0,0,0,210467
0,0,0,0,210468
0,0,0,0,210469
0,0,0,0,210470
0,0,0,0,210471
0,0,0,0,210472
0,0,0,0,210473
0,0,0,0,210474
0,0,0,0,210475
0,0,0,0,210476
0,0,0,0,210477
0,0,0,0,210478
0,0,0,0,210479
0,0,0,0,210480
0,0,0,0,210481
0,0,0,0,210482
0,0,0,0,210483
0,0,0,0,210484
0,0,0,0,210485
0,0,0,0,210486
0,0,0,0,210487
0,0,0,0,210488
0,0,0,0,210489
0,0,0,0,210490
0,0,0,0,210491
0,0,0,0,210492
0,0,0,0,210493
0,0,0,0,210494
0,0,0,0,210495
0,0,0,0,210496
0,0,0,0,210497
0,0,0,0,210498
0,0,0,0,210499
0,0,0,0,210500
0,0,0,0,210501
0,0,0,0,210502
0,0,0,0,210503
0,0,0,0,210504
0,0,0,0,210505
0,0,0,0,210506
0,0,0,0,210507
0,0,0,0,210508
0,0,0,0,210509
0,0,0,0,210510
0,0,0,0,210511
0,0,0,0,210512
0,0,0,0,210513
0,0,0,0,210514
0,0,0,0,210515
0,0,0,0,210516
0,0,0,0,210517
0,0,0,0,210518
0,0,0,0,210519
0,0,0,0,210520
0,0,0,0,210521
0,0,0,0,210522
0,0,0,0,210523
0,0,0,0,210524
0,0,0,0,210525
0,0,0,0,210526
0,0,0,0,210527
0,0,0,0,210528
0,0,0,0,210529
0,0,0,0,210530
0,0,0,0,210531
0,0,0,0,210532
0,0,0,0,210533
0,0,0,0,210534
0,0,0,0,210535
0,0,0,0,210536
0,0,0,0,210537
0,0,0,0,210538
0,0,0,0,210539
0,0,0,0,210540
0,0,0,0,210541
0,0,0,0,210542
0,0,0,0,210543
0,0,0,0,210544
0,0,0,0,210545
0,0,0,0,210546
0,0,0,0,210547
0,0,0,0,210548
0,0,0,0,210549
0,0,0,0,210550
0,0,0,0,210551
0,0,0,0,210552
0,0,0,0,210553
0,0,0,0,210554
0,0,0,0,210555
0,0,0,0,210556
0,0,0,0,210557
0,0,0,0,210558
0,0,0,0,210559
0,0,0,0,210560
0,0,0,0,210561
0,0,0,0,210562
0,0,0,0,210563
0,0,0,0,210564
0,0,0,0,210565
0,0,0,0,210566
0,0,0,0,210567
0,0,0,0,210568
0,0,0,0,210569
0,0,0,0,210570
0,0,0,0,210571
0,0,0,0,210572
0,0,0,0,210573
0,0,0,0,210574
0,0,0,0,210575
0,0,0,0,210576
0,0,0,0,210577
0,0,0,0,210578
0,0,0,0,210579
0,0,0,0,210580
0,0,0,0,210581
0,0,0,0,210582
0,0,0,0,210583
0,0,0,0,210584
0,0,0,0,210585
0,0,0,0,210586
0,0,0,0,210587
0,0,0,0,210588
0,0,0,0,210589
0,0,0,0,210590
0,0,0,0,210591
0,0,0,0,210592
0,0,0,0,210593
0,0,0,0,210594
0,0,0,0,210595
0,0,0,0,210596
0,0,0,0,210597
0,0,0,0,210598
0,0,0,0,210599
0,0,0,0,210600
0,0,0,0,210601
0,0,0,0,210602
0,0,0,0,210603
0,0,0,0,210604
0,0,0,0,210605
0,0,0,0,210606
0,0,0,0,210607
0,0,0,0,210608
0,0,0,0,210609
0,0,0,0,210610
0,0,0,0,210611
0,0,0,0,210612
0,0,0,0,210613
0,0,0,0,210614
0,0,0,0,210615
0,0,0,0,210616
0,0,0,0,210617
0,0,0,0,210618
0,0,0,0,210619
0,0,0,0,210620
0,0,0,0,210621
0,0,0,0,210622
0,0,0,0,210623
0,0,0,0,210624
0,0,0,0,210625
0,0,0,0,210626
0,0,0,0,210627
0,0,0,0,210628
0,0,0,0,210629
0,0,0,0,210630
0,0,0,0,210631
0,0,0,0,210632
0,0,0,0,210633
0,0,0,0,210634
0,0,0,0,210635
0,0,0,0,210636
0,0,0,0,210637
0,0,0,0,210638
0,0,0,0,210639
0,0,0,0,210640
0,0,0,0,210641
0,0,0,0,210642
0,0,0,0,210643
0,0,0,0,210644
0,0,0,0,210645
0,0,0,0,210646
0,0,0,0,210647
0,0,0,0,210648
0,0,0,0,210649
0,0,0,0,210650
0,0,0,0,210651
0,0,0,0,210652
0,0,0,0,210653
0,0,0,0,210654
0,0,0,0,210655
0,0,0,0,210656
0,0,0,0,210657
0,0,0,0,210658
0,0,0,0,210659
0,0,0,0,210660
0,0,0,0,210661
0,0,0,0,210662
0,0,0,0,210663
0,0,0,0,210664
0,0,0,0,210665
0,0,0,0,210666
0,0,0,0,210667
0,0,0,0,210668
0,0,0,0,210669
0,0,0,0,210670
0,0,0,0,210671
0,0,0,0,210672
0,0,0,0,210673
0,0,0,0,210674
0,0,0,0,210675
0,0,0,0,210676
0,0,0,0,210677
0,0,0,0,210678
0,0,0,0,210679
0,0,0,0,210680
0,0,0,0,210681
0,0,0,0,210682
0,0,0,0,210683
0,0,0,0,210684
0,0,0,0,210685
0,0,0,0,210686
0,0,0,0,210687
0,0,0,0,210688
0,0,0,0,210689
0,0,0,0,210690
0,0,0,0,210691
0,0,0,0,210692
0,0,0,0,210693
0,0,0,0,210694
0,0,0,0,210695
0,0,0,0,210696
0,0,0,0,210697
0,0,0,0,210698
0,0,0,0,210699
0,0,0,0,210700
0,0,0,0,210701
0,0,0,0,210702
0,0,0,0,210703
0,0,0,0,210704
0,0,0,0,210705
0,0,0,0,210706
0,0,0,0,210707
0,0,0,0,210708
0,0,0,0,210709
0,0,0,0,210710
0,0,0,0,210711
0,0,0,0,210712
0,0,0,0,210713
0,0,0,0,210714
0,0,0,0,210715
0,0,0,0,210716
0,0,0,0,210717
0,0,0,0,210718
0,0,0,0,210719
0,0,0,0,210720
0,0,0,0,210721
0,0,0,0,210722
0,0,0,0,210723
0,0,0,0,210724
0,0,0,0,210725
0,0,0,0,210726
0,0,0,0,210727
0,0,0,0,210728
0,0,0,0,210729
0,0,0,0,210730
0,0,0,0,210731
0,0,0,0,210732
0,0,0,0,210733
0,0,0,0,210734
0,0,0,0,210735
0,0,0,0,210736
0,0,0,0,210737
0,0,0,0,210738
0,0,0,0,210739
0,0,0,0,210740
0,0,0,0,210741
0,0,0,0,210742
0,0,0,0,210743
0,0,0,0,210744
0,0,0,0,210745
0,0,0,0,210746
0,0,0,0,210747
0,0,0,0,210748
0,0,0,0,210749
0,0,0,0,210750
0,0,0,0,210751
0,0,0,0,210752
0,0,0,0,210753
0,0,0,0,210754
0,0,0,0,210755
0,0,0,0,210756
0,0,0,0,210757
0,0,0,0,210758
0,0,0,0,210759
0,0,0,0,210760
0,0,0,0,210761
0,0,0,0,210762
0,0,0,0,210763
0,0,0,0,210764
0,0,0,0,210765
0,0,0,0,210766
0,0,0,0,210767
0,0,0,0,210768
0,0,0,0,210769
0,0,0,0,210770
0,0,0,0,210771
0,0,0,0,210772
0,0,0,0,210773
0,0,0,0,210774
0,0,0,0,210775
0,0,0,0,210776
0,0,0,0,210777
0,0,0,0,210778
0,0,0,0,210779
0,0,0,0,210780
0,0,0,0,210781
0,0,0,0,210782
0,0,0,0,210783
0,0,0,0,210784
0,0,0,0,210785
0,0,0,0,210786
0,0,0,0,210787
0,0,0,0,210788
0,0,0,0,210789
0,0,0,0,210790
0,0,0,0,210791
0,0,0,0,210792
0,0,0,0,210793
0,0,0,0,210794
0,0,0,0,210795
0,0,0,0,210796
0,0,0,0,210797
0,0,0,0,210798
0,0,0,0,210799
0,0,0,0,210800
0,0,0,0,210801
0,0,0,0,210802
0,0,0,0,210803
0,0,0,0,210804
0,0,0,0,210805
0,0,0,0,210806
0,0,0,0,210807
0,0,0,0,210808
0,0,0,0,210809
0,0,0,0,210810
0,0,0,0,210811
0,0,0,0,210812
0,0,0,0,210813
0,0,0,0,210814
0,0,0,0,210815
0,0,0,0,210816
0,0,0,0,210817
0,0,0,0,210818
0,0,0,0,210819
0,0,0,0,210820
0,0,0,0,210821
0,0,0,0,210822
0,0,0,0,210823
0,0,0,0,210824
0,0,0,0,210825
0,0,0,0,210826
0,0,0,0,210827
0,0,0,0,210828
0,0,0,0,210829
0,0,0,0,210830
0,0,0,0,210831
0,0,0,0,210832
0,0,0,0,210833
0,0,0,0,210834
0,0,0,0,210835
0,0,0,0,210836
0,0,0,0,210837
0,0,0,0,210838
0,0,0,0,210839
0,0,0,0,210840
0,0,0,0,210841
0,0,0,0,210842
0,0,0,0,210843
0,0,0,0,210844
0,0,0,0,210845
0,0,0,0,210846
0,0,0,0,210847
0,0,0,0,210848
0,0,0,0,210849
0,0,0,0,210850
0,0,0,0,210851
0,0,0,0,210852
0,0,0,0,210853
0,0,0,0,210854
0,0,0,0,210855
0,0,0,0,210856
0,0,0,0,210857
0,0,0,0,210858
0,0,0,0,210859
0,0,0,0,210860
0,0,0,0,210861
0,0,0,0,210862
0,0,0,0,210863
0,0,0,0,210864
0,0,0,0,210865
0,0,0,0,210866
0,0,0,0,210867
0,0,0,0,210868
0,0,0,0,210869
0,0,0,0,210870
0,0,0,0,210871
0,0,0,0,210872
0,0,0,0,210873
0,0,0,0,210874
0,0,0,0,210875
0,0,0,0,210876
0,0,0,0,210877
0,0,0,0,210878
0,0,0,0,210879
0,0,0,0,210880
0,0,0,0,210881
0,0,0,0,210882
0,0,0,0,210883
0,0,0,0,210884
0,0,0,0,210885
0,0,0,0,210886
0,0,0,0,210887
0,0,0,0,210888
0,0,0,0,210889
0,0,0,0,210890
0,0,0,0,210891
0,0,0,0,210892
0,0,0,0,210893
0,0,0,0,210894
0,0,0,0,210895
0,0,0,0,210896
0,0,0,0,210897
0,0,0,0,210898
0,0,0,0,210899
0,0,0,0,210900
0,0,0,0,210901
0,0,0,0,210902
0,0,0,0,210903
0,0,0,0,210904
0,0,0,0,210905
0,0,0,0,210906
0,0,0,0,210907
0,0,0,0,210908
0,0,0,0,210909
0,0,0,0,210910
0,0,0,0,210911
0,0,0,0,210912
0,0,0,0,210913
0,0,0,0,210914
0,0,0,0,210915
0,0,0,0,210916
0,0,0,0,210917
0,0,0,0,210918
0,0,0,0,210919
0,0,0,0,210920
0,0,0,0,210921
0,0,0,0,210922
0,0,0,0,210923
0,0,0,0,210924
0,0,0,0,210925
0,0,0,0,210926
0,0,0,0,210927
0,0,0,0,210928
0,0,0,0,210929
0,0,0,0,210930
0,0,0,0,210931
0,0,0,0,210932
0,0,0,0,210933
0,0,0,0,210934
0,0,0,0,210935
0,0,0,0,210936
0,0,0,0,210937
0,0,0,0,210938
0,0,0,0,210939
0,0,0,0,210940
0,0,0,0,210941
0,0,0,0,210942
0,0,0,0,210943
0,0,0,0,210944
0,0,0,0,210945
0,0,0,0,210946
0,0,0,0,210947
0,0,0,0,210948
0,0,0,0,210949
0,0,0,0,210950
0,0,0,0,210951
0,0,0,0,210952
0,0,0,0,210953
0,0,0,0,210954
0,0,0,0,210955
0,0,0,0,210956
0,0,0,0,210957
0,0,0,0,210958
0,0,0,0,210959
0,0,0,0,210960
0,0,0,0,210961
0,0,0,0,210962
0,0,0,0,210963
0,0,0,0,210964
0,0,0,0,210965
0,0,0,0,210966
0,0,0,0,210967
0,0,0,0,210968
0,0,0,0,210969
0,0,0,0,210970
0,0,0,0,210971
0,0,0,0,210972
0,0,0,0,210973
0,0,0,0,210974
0,0,0,0,210975
0,0,0,0,210976
0,0,0,0,210977
0,0,0,0,210978
0,0,0,0,210979
0,0,0,0,210980
0,0,0,0,210981
0,0,0,0,210982
0,0,0,0,210983
0,0,0,0,210984
0,0,0,0,210985
0,0,0,0,210986
0,0,0,0,210987
0,0,0,0,210988
0,0,0,0,210989
0,0,0,0,210990
0,0,0,0,210991
0,0,0,0,210992
0,0,0,0,210993
0,0,0,0,210994
0,0,0,0,210995
0,0,0,0,210996
0,0,0,0,210997
0,0,0,0,210998
0,0,0,0,210999
0,0,0,0,211000
0,0,0,0,211001
0,0,0,0,211002
0,0,0,0,211003
0,0,0,0,211004
0,0,0,0,211005
0,0,0,0,211006
0,0,0,0,211007
0,0,0,0,211008
0,0,0,0,211009
0,0,0,0,211010
0,0,0,0,211011
0,0,0,0,211012
0,0,0,0,211013
0,0,0,0,211014
0,0,0,0,211015
0,0,0,0,211016
0,0,0,0,211017
0,0,0,0,211018
0,0,0,0,211019
0,0,0,0,211020
0,0,0,0,211021
0,0,0,0,211022
0,0,0,0,211023
0,0,0,0,211024
0,0,0,0,211025
0,0,0,0,211026
0,0,0,0,211027
0,0,0,0,211028
0,0,0,0,211029
0,0,0,0,211030
0,0,0,0,211031
0,0,0,0,211032
0,0,0,0,211033
0,0,0,0,211034
0,0,0,0,211035
0,0,0,0,211036
0,0,0,0,211037
0,0,0,0,211038
0,0,0,0,211039
0,0,0,0,211040
0,0,0,0,211041
0,0,0,0,211042
0,0,0,0,211043
0,0,0,0,211044
0,0,0,0,211045
0,0,0,0,211046
0,0,0,0,211047
0,0,0,0,211048
0,0,0,0,211049
0,0,0,0,211050
0,0,0,0,211051
0,0,0,0,211052
0,0,0,0,211053
0,0,0,0,211054
0,0,0,0,211055
0,0,0,0,211056
0,0,0,0,211057
0,0,0,0,211058
0,0,0,0,211059
0,0,0,0,211060
0,0,0,0,211061
0,0,0,0,211062
0,0,0,0,211063
0,0,0,0,211064
0,0,0,0,211065
0,0,0,0,211066
0,0,0,0,211067
0,0,0,0,211068
0,0,0,0,211069
0,0,0,0,211070
0,0,0,0,211071
0,0,0,0,211072
0,0,0,0,211073
0,0,0,0,211074
0,0,0,0,211075
0,0,0,0,211076
0,0,0,0,211077
0,0,0,0,211078
0,0,0,0,211079
0,0,0,0,211080
0,0,0,0,211081
0,0,0,0,211082
0,0,0,0,211083
0,0,0,0,211084
0,0,0,0,211085
0,0,0,0,211086
0,0,0,0,211087
0,0,0,0,211088
0,0,0,0,211089
0,0,0,0,211090
0,0,0,0,211091
0,0,0,0,211092
0,0,0,0,211093
0,0,0,0,211094
0,0,0,0,211095
0,0,0,0,211096
0,0,0,0,211097
0,0,0,0,211098
0,0,0,0,211099
0,0,0,0,211100
0,0,0,0,211101
0,0,0,0,211102
0,0,0,0,211103
0,0,0,0,211104
0,0,0,0,211105
0,0,0,0,211106
0,0,0,0,211107
0,0,0,0,211108
0,0,0,0,211109
0,0,0,0,211110
0,0,0,0,211111
0,0,0,0,211112
0,0,0,0,211113
0,0,0,0,211114
0,0,0,0,211115
0,0,0,0,211116
0,0,0,0,211117
0,0,0,0,211118
0,0,0,0,211119
0,0,0,0,211120
0,0,0,0,211121
0,0,0,0,211122
0,0,0,0,211123
0,0,0,0,211124
0,0,0,0,211125
0,0,0,0,211126
0,0,0,0,211127
0,0,0,0,211128
0,0,0,0,211129
0,0,0,0,211130
0,0,0,0,211131
0,0,0,0,211132
0,0,0,0,211133
0,0,0,0,211134
0,0,0,0,211135
0,0,0,0,211136
0,0,0,0,211137
0,0,0,0,211138
0,0,0,0,211139
0,0,0,0,211140
0,0,0,0,211141
0,0,0,0,211142
0,0,0,0,211143
0,0,0,0,211144
0,0,0,0,211145
0,0,0,0,211146
0,0,0,0,211147
0,0,0,0,211148
0,0,0,0,211149
0,0,0,0,211150
0,0,0,0,211151
0,0,0,0,211152
0,0,0,0,211153
0,0,0,0,211154
0,0,0,0,211155
0,0,0,0,211156
0,0,0,0,211157
0,0,0,0,211158
0,0,0,0,211159
0,0,0,0,211160
0,0,0,0,211161
0,0,0,0,211162
0,0,0,0,211163
0,0,0,0,211164
0,0,0,0,211165
0,0,0,0,211166
0,0,0,0,211167
0,0,0,0,211168
0,0,0,0,211169
0,0,0,0,211170
0,0,0,0,211171
0,0,0,0,211172
0,0,0,0,211173
0,0,0,0,211174
0,0,0,0,211175
0,0,0,0,211176
0,0,0,0,211177
0,0,0,0,211178
0,0,0,0,211179
0,0,0,0,211180
0,0,0,0,211181
0,0,0,0,211182
0,0,0,0,211183
0,0,0,0,211184
0,0,0,0,211185
0,0,0,0,211186
0,0,0,0,211187
0,0,0,0,211188
0,0,0,0,211189
0,0,0,0,211190
0,0,0,0,211191
0,0,0,0,211192
0,0,0,0,211193
0,0,0,0,211194
0,0,0,0,211195
0,0,0,0,211196
0,0,0,0,211197
0,0,0,0,211198
0,0,0,0,211199
0,0,0,0,211200
0,0,0,0,211201
0,0,0,0,211202
0,0,0,0,211203
0,0,0,0,211204
0,0,0,0,211205
0,0,0,0,211206
0,0,0,0,211207
0,0,0,0,211208
0,0,0,0,211209
0,0,0,0,211210
0,0,0,0,211211
0,0,0,0,211212
0,0,0,0,211213
0,0,0,0,211214
0,0,0,0,211215
0,0,0,0,211216
0,0,0,0,211217
0,0,0,0,211218
0,0,0,0,211219
0,0,0,0,211220
0,0,0,0,211221
0,0,0,0,211222
0,0,0,0,211223
0,0,0,0,211224
0,0,0,0,211225
0,0,0,0,211226
0,0,0,0,211227
0,0,0,0,470000
0,0,0,0,470001
0,0,0,0,470002
0,0,0,0,470003
0,0,0,0,470004
0,0,0,0,470005
0,0,0,0,470006
0,0,0,0,470007
0,0,0,0,470008
0,0,0,0,470009
0,0,0,0,470010
0,0,0,0,470011
0,0,0,0,470012
0,0,0,0,470013
0,0,0,0,470014
0,0,0,0,470015
0,0,0,0,470016
0,0,0,0,470017
0,0,0,0,470018
0,0,0,0,470019
0,0,0,0,470020
0,0,0,0,470021
0,0,0,0,470022
0,0,0,0,470023
0,0,0,0,470024
0,0,0,0,470025
0,0,0,0,470026
0,0,0,0,470027
0,0,0,0,470028
0,0,0,0,470029
0,0,0,0,470030
0,0,0,0,470031
0,0,0,0,470032
0,0,0,0,470033
0,0,0,0,470034
0,0,0,0,470035
0,0,0,0,470036
0,0,0,0,470037
0,0,0,0,470038
0,0,0,0,470039
0,0,0,0,470040
0,0,0,0,470041
0,0,0,0,470042
0,0,0,0,470043
0,0,0,0,470044
0,0,0,0,470045
0,0,0,0,470046
0,0,0,0,470047
0,0,0,0,470048
0,0,0,0,470049
0,0,0,0,470050
0,0,0,0,470051
0,0,0,0,470052
0,0,0,0,470053
0,0,0,0,470054
0,0,0,0,470055
0,0,0,0,470056
0,0,0,0,470057
0,0,0,0,470058
0,0,0,0,470059
0,0,0,0,470060
0,0,0,0,470061
0,0,0,0,470062
0,0,0,0,470063
0,0,0,0,470064
0,0,0,0,470065
0,0,0,0,470066
0,0,0,0,470067
0,0,0,0,470068
0,0,0,0,470069
0,0,0,0,470070
0,0,0,0,470071
0,0,0,0,470072
0,0,0,0,470073
0,0,0,0,470074
0,0,0,0,470075
0,0,0,0,470076
0,0,0,0,470077
0,0,0,0,470078
0,0,0,0,470079
0,0,0,0,470080
0,0,0,0,470081
0,0,0,0,470082
0,0,0,0,470083
0,0,0,0,470084
0,0,0,0,470085
0,0,0,0,470086
0,0,0,0,470087
0,0,0,0,470088
0,0,0,0,470089
0,0,0,0,470090
0,0,0,0,470091
0,0,0,0,470092
0,0,0,0,470093
0,0,0,0,470094
0,0,0,0,470095
0,0,0,0,470096
0,0,0,0,470097
0,0,0,0,470098
0,0,0,0,470099
0,0,0,0,470100
0,0,0,0,470101
0,0,0,0,470102
0,0,0,0,470103
0,0,0,0,470104
0,0,0,0,470105
0,0,0,0,470106
0,0,0,0,470107
0,0,0,0,470108
0,0,0,0,470109
0,0,0,0,470110
0,0,0,0,470111
0,0,0,0,470112
0,0,0,0,470113
0,0,0,0,470114
0,0,0,0,470115
0,0,0,0,470116
0,0,0,0,470117
0,0,0,0,470118
0,0,0,0,470119
0,0,0,0,470120
0,0,0,0,470121
0,0,0,0,470122
0,0,0,0,470123
0,0,0,0,470124
0,0,0,0,470125
0,0,0,0,470126
0,0,0,0,470127
0,0,0,0,470128
0,0,0,0,470129
0,0,0,0,470130
0,0,0,0,470131
0,0,0,0,470132
0,0,0,0,470133
0,0,0,0,470134
0,0,0,0,470135
0,0,0,0,470136
0,0,0,0,470137
0,0,0,0,470138
0,0,0,0,470139
0,0,0,0,470140
0,0,0,0,470141
0,0,0,0,470142
0,0,0,0,470143
0,0,0,0,470144
0,0,0,0,470145
0,0,0,0,470146
0,0,0,0,470147
0,0,0,0,470148
0,0,0,0,470149
0,0,0,0,470150
0,0,0,0,470151
0,0,0,0,470152
0,0,0,0,470153
0,0,0,0,470154
0,0,0,0,470155
0,0,0,0,470156
0,0,0,0,470157
0,0,0,0,470158
0,0,0,0,470159
0,0,0,0,470160
0,0,0,0,470161
0,0,0,0,470162
0,0,0,0,470163
0,0,0,0,470164
0,0,0,0,470165
0,0,0,0,470166
0,0,0,0,470167
0,0,0,0,470168
0,0,0,0,470169
0,0,0,0,470170
0,0,0,0,470171
0,0,0,0,470172
0,0,0,0,470173
0,0,0,0,470174
0,0,0,0,470175
0,0,0,0,470176
0,0,0,0,470177
0,0,0,0,470178
0,0,0,0,470179
0,0,0,0,470180
0,0,0,0,470181
0,0,0,0,470182
0,0,0,0,470183
0,0,0,0,470184
0,0,0,0,470185
0,0,0,0,470186
0,0,0,0,470187
0,0,0,0,470188
0,0,0,0,470189
0,0,0,0,470190
0,0,0,0,470191
0,0,0,0,470192
0,0,0,0,470193
0,0,0,0,470194
0,0,0,0,470195
0,0,0,0,470196
0,0,0,0,470197
0,0,0,0,470198
0,0,0,0,470199
0,0,0,0,470200
0,0,0,0,470201
0,0,0,0,470202
0,0,0,0,470203
0,0,0,0,470204
0,0,0,0,470205
0,0,0,0,470206
0,0,0,0,470207
0,0,0,0,470208
0,0,0,0,470209
0,0,0,0,470210
0,0,0,0,470211
0,0,0,0,470212
0,0,0,0,470213
0,0,0,0,470214
0,0,0,0,470215
0,0,0,0,470216
0,0,0,0,470217
0,0,0,0,470218
0,0,0,0,470219
0,0,0,0,470220
0,0,0,0,470221
0,0,0,0,470222
0,0,0,0,470223
0,0,0,0,470224
0,0,0,0,470225
0,0,0,0,470226
0,0,0,0,470227
0,0,0,0,470228
0,0,0,0,470229
0,0,0,0,470230
0,0,0,0,470231
0,0,0,0,470232
0,0,0,0,470233
0,0,0,0,470234
0,0,0,0,470235
0,0,0,0,470236
0,0,0,0,470237
0,0,0,0,470238
0,0,0,0,470239
0,0,0,0,470240
0,0,0,0,470241
0,0,0,0,470242
0,0,0,0,470243
0,0,0,0,470244
0,0,0,0,470245
0,0,0,0,470246
0,0,0,0,470247
0,0,0,0,470248
0,0,0,0,470249
0,0,0,0,470250
0,0,0,0,470251
0,0,0,0,470252
0,0,0,0,470253
0,0,0,0,470254
0,0,0,0,470255
0,0,0,0,470256
0,0,0,0,470257
0,0,0,0,470258
0,0,0,0,470259
0,0,0,0,470260
0,0,0,0,470261
0,0,0,0,470262
0,0,0,0,470263
0,0,0,0,470264
0,0,0,0,470265
0,0,0,0,470266
0,0,0,0,470267
0,0,0,0,470268
0,0,0,0,470269
0,0,0,0,470270
0,0,0,0,470271
0,0,0,0,470272
0,0,0,0,470273
0,0,0,0,470274
0,0,0,0,470275
0,0,0,0,470276
0,0,0,0,470277
0,0,0,0,470278
0,0,0,0,470279
0,0,0,0,470280
0,0,0,0,470281
0,0,0,0,470282
0,0,0,0,470283
0,0,0,0,470284
0,0,0,0,470285
0,0,0,0,470286
0,0,0,0,470287
0,0,0,0,470288
0,0,0,0,470289
0,0,0,0,470290
0,0,0,0,470291
0,0,0,0,470292
0,0,0,0,470293
0,0,0,0,470294
0,0,0,0,470295
0,0,0,0,470296
0,0,0,0,470297
0,0,0,0,470298
0,0,0,0,470299
0,0,0,0,470300
0,0,0,0,470301
0,0,0,0,470302
0,0,0,0,470303
0,0,0,0,470304
0,0,0,0,470305
0,0,0,0,470306
0,0,0,0,470307
0,0,0,0,470308
0,0,0,0,470309
0,0,0,0,470310
0,0,0,0,470311
0,0,0,0,470312
0,0,0,0,470313
0,0,0,0,470314
0,0,0,0,470315
0,0,0,0,470316
0,0,0,0,470317
0,0,0,0,470318
0,0,0,0,470319
0,0,0,0,470320
0,0,0,0,470321
0,0,0,0,470322
0,0,0,0,470323
0,0,0,0,470324
0,0,0,0,470325
0,0,0,0,470326
0,0,0,0,470327
0,0,0,0,470328
0,0,0,0,470329
0,0,0,0,470330
0,0,0,0,470331
0,0,0,0,470332
0,0,0,0,470333
0,0,0,0,470334
0,0,0,0,470335
0,0,0,0,470336
0,0,0,0,470337
0,0,0,0,470338
0,0,0,0,470339
0,0,0,0,470340
0,0,0,0,470341
0,0,0,0,470342
0,0,0,0,470343
0,0,0,0,470344
0,0,0,0,470345
0,0,0,0,470346
0,0,0,0,470347
0,0,0,0,470348
0,0,0,0,470349
0,0,0,0,470350
0,0,0,0,470351
0,0,0,0,470352
0,0,0,0,470353
0,0,0,0,470354
0,0,0,0,470355
0,0,0,0,470356
0,0,0,0,470357
0,0,0,0,470358
0,0,0,0,470359
0,0,0,0,470360
0,0,0,0,470361
0,0,0,0,470362
0,0,0,0,470363
0,0,0,0,470364
0,0,0,0,470365
0,0,0,0,470366
0,0,0,0,470367
0,0,0,0,470368
0,0,0,0,470369
0,0,0,0,470370
0,0,0,0,470371
0,0,0,0,470372
0,0,0,0,470373
0,0,0,0,470374
0,0,0,0,470375
0,0,0,0,470376
0,0,0,0,470377
0,0,0,0,990000
0,0,0,0,990002
0,0,0,0,990003
0,0,0,0,990004
0,0,0,0,990005
0,0,0,0,990007
0,0,0,0,990008
0,0,0,0,990009
0,0,0,0,990010
0,0,0,0,990011
0,0,0,0,990012
0,0,0,0,990014
0,0,0,0,990015
0,0,0,0,990016
0,0,0,0,990017
0,0,0,0,990018
0,0,0,0,990019
0,0,0,0,990020
0,0,0,0,990022
0,0,0,0,990023
0,0,0,0,990024
0,0,0,0,990025
0,0,0,0,990027
0,0,0,0,990028
0,0,0,0,990029
0,0,0,0,990031
0,0,0,0,990032
0,0,0,0,990033
0,0,0,0,990034
0,0,0,0,990035
0,0,0,0,990036
0,0,0,0,990037
0,0,0,0,990038
0,0,0,0,990039
0,0,0,0,990040
0,0,0,0,990041
0,0,0,0,990044
0,0,0,0,990045
0,0,0,0,990046
0,0,0,0,990047
0,0,0,0,990048
0,0,0,0,990049
0,0,0,0,990050
0,0,0,0,990051
0,0,0,0,990053
0,0,0,0,990054
0,0,0,0,990055
0,0,0,0,990056
0,0,0,0,990057
0,0,0,0,990058
0,0,0,0,990059
0,0,0,0,990060
0,0,0,0,990061
0,0,0,0,990062
0,0,0,0,990063
0,0,0,0,990064
0,0,0,0,990065
0,0,0,0,990066
0,0,0,0,990067
0,0,0,0,990068
0,0,0,0,990069
0,0,0,0,990070
0,0,0,0,990071
0,0,0,0,990072
0,0,0,0,990073
0,0,0,0,990074
0,0,0,0,990075
0,0,0,0,990076
0,0,0,0,990077
0,0,0,0,990078
0,0,0,0,990080
0,0,0,0,990082
0,0,0,0,990083
0,0,0,0,990084
0,0,0,0,990085
0,0,0,0,990086
0,0,0,0,990087
0,0,0,0,990088
